Customer ID,Recency,Frequency,Monetory,Cluster,PCA1,PCA2
12346.0,327,1,77183.6,2,0.7774237214248219,2.754359618916606
12347.0,41,7,4310.0,1,1.81527244095437,0.348485473810645
12348.0,77,4,1797.24,2,0.806219033735213,0.1568835611023968
12349.0,20,1,1757.55,2,0.1920457047576219,-0.6949525420227226
12350.0,312,1,334.4,3,-1.8312816070213211,1.048503140132324
12352.0,74,8,2506.04,2,1.5202563576026413,0.49444417098820753
12353.0,205,1,89.0,3,-2.0340579056420256,-0.15295653870897344
12354.0,234,1,1079.4,3,-0.9337042698310769,0.7955588949519503
12355.0,97,1,459.4,0,-0.7850637041333102,-0.499495929289381
12356.0,24,3,2811.43,2,1.041006307178151,-0.21662686857818667
12357.0,183,1,6207.67,2,0.1362906317984591,0.9180318779809453
12358.0,4,2,1168.06,2,0.4292349747161859,-0.7549445418284961
12359.0,10,4,6372.58,2,1.7051710907773643,0.01585204180926195
12360.0,54,3,2662.06,2,0.8899286963969392,-0.003662027653088475
12361.0,289,1,189.9,3,-2.012766435674789,0.7080809718646199
12362.0,31,10,5226.23,1,2.2430463100003406,0.47117290082444907
12363.0,37,2,552.0,0,-0.07509703613167704,-0.7221637585729033
12364.0,42,4,1313.1,2,0.7971766749085211,-0.2019839047294685
12365.0,293,2,641.38,3,-1.0620223913000448,1.2752402552826814
12367.0,213,1,168.9,3,-1.7551613707723,0.09401590970631117
12370.0,53,4,3545.69,2,1.239190788086599,0.17247841784932316
12371.0,31,2,1887.96,2,0.5530220163944426,-0.4085032162079317
12372.0,36,3,1298.04,2,0.6119678431520922,-0.3510711578509004
12373.0,343,1,364.6,3,-1.9173620624253838,1.310295161269614
12374.0,27,1,742.9300000000001,0,-0.2594339640824893,-0.8932652470118793
12375.0,12,2,457.5,0,-0.06356115587538612,-0.9677757359275755
12377.0,317,2,1628.12,3,-0.7044308257190378,1.7306928898655707
12378.0,306,1,4008.62,3,-0.5879751343894734,1.7287155874898599
12379.0,83,2,852.24,0,-0.05267957635690204,-0.24423328645521056
12380.0,23,4,2724.81,2,1.234189887280996,-0.1334838964973193
12381.0,1,5,1845.31,2,1.3010205719559058,-0.33371481157446076
12383.0,10,5,1850.56,2,1.265131761148518,-0.26420394421644516
12384.0,30,2,585.27,0,-0.017408431262845196,-0.7584866458442542
12386.0,193,2,401.9,3,-0.876852381576336,0.37562957987004697
12388.0,17,6,2780.66,2,1.5772208151564078,-0.02265729616827491
12390.0,81,1,549.84,0,-0.6307064714682676,-0.5691147728620104
12391.0,23,1,460.89,0,-0.4769258609709887,-1.0632528139222832
12393.0,40,4,1582.6000000000001,2,0.8970735879543446,-0.16266038935378388
12394.0,154,2,1272.48,2,-0.150138219021007,0.4147559658442984
12395.0,6,12,3018.63,1,2.2301527375714985,0.19463691499200875
12397.0,137,2,2409.9,2,0.23372073242412617,0.4717834966421591
12398.0,47,1,1635.6599999999999,0,0.04492016858550782,-0.5099311646196187
12399.0,3,4,1108.65,2,0.8756908658972233,-0.5490795490318413
12401.0,100,1,84.3,0,-1.6254263433387364,-0.9699174774511419
12402.0,325,1,225.6,3,-2.0777090151788644,1.0329648361151609
12403.0,51,1,427.7,0,-0.629538266726778,-0.8714013010718065
12405.0,150,1,1710.39,0,-0.3598395785377514,0.28913790862494737
12406.0,23,2,3415.3,2,0.8771475961165208,-0.2961723082277272
12407.0,51,5,1708.1200000000001,2,1.055974372121662,0.025248386601487826
12408.0,153,5,2888.55,2,0.8913119178780899,0.9572770775368147
12409.0,66,3,11072.67,2,1.5400637903183738,0.5049060571166843
12410.0,253,2,693.3299999999999,3,-0.8581285341210309,0.9927511329722178
12412.0,76,3,1226.88,2,0.41859843271220837,-0.06231117258852879
12413.0,193,3,758.1,3,-0.3022530325200814,0.6898103886674146
12414.0,189,3,562.41,3,-0.43208862353990396,0.5720517602084054
12415.0,26,21,124914.53,1,4.457287572162422,1.6720895912841214
12417.0,41,9,3649.1,1,1.9379517567804918,0.3997187614019067
12418.0,114,1,668.58,0,-0.6715483268844551,-0.2601690456132817
12420.0,154,1,600.39,0,-0.8899978636638988,0.01364725291758966
12421.0,17,4,807.04,2,0.6619274605020745,-0.535055986622516
12422.0,170,3,803.5600000000001,2,-0.17841099379761657,0.5313135023939776
12423.0,90,8,1859.31,2,1.3074543435758352,0.5292394059419441
12424.0,164,2,1760.96,2,-0.0321209273746852,0.5860693228189069
12425.0,79,1,777.2,0,-0.45273132625761076,-0.48326929718103756
12426.0,196,1,582.73,3,-1.0786232336283046,0.32543275596051274
12427.0,23,3,825.8,2,0.44393923654282236,-0.5824814044433906
12428.0,27,9,7956.46,1,2.378679575219802,0.520929170377364
12429.0,10,4,3750.4,2,1.4448788772446524,-0.13923989213950003
12430.0,45,1,256.4,0,-0.8551993293880653,-1.0664552048067395
12431.0,3,15,6487.45,1,2.8084097908786516,0.48854147580314516
12432.0,44,5,5059.32,2,1.6180239524737305,0.289442821897486
12433.0,11,7,13375.87,1,2.4956364146078296,0.45088944287204596
12434.0,86,2,806.14,0,-0.09238415798568878,-0.23759251724721056
12435.0,81,2,7829.89,2,1.0442438031580399,0.38915626256831864
12436.0,336,1,509.01,3,-1.7248856148883052,1.3542839625750427
12437.0,10,18,4951.41,1,2.804162898661615,0.5398690060263233
12438.0,16,2,2906.85,2,0.8270098056634723,-0.3967422352173542
12441.0,486,1,173.55,4,-2.8728264006971407,2.1852104199672286
12442.0,182,1,172.06,3,-1.617691396153329,-0.13715629452763667
12444.0,1,5,5005.46,2,1.79090004126866,-0.041826117455072614
12445.0,23,1,133.4,0,-1.0831765323454616,-1.4244798664149076
12446.0,59,1,1002.3100000000001,0,-0.24510599927236296,-0.5615466763320202
12447.0,68,1,476.49,0,-0.6470298829360375,-0.7101333331829761
12448.0,46,1,449.45,0,-0.5845215756226003,-0.8950757540258641
12449.0,24,4,4067.29,2,1.4267068095641902,-0.00867562181543724
12450.0,175,2,197.88,3,-1.1489871967736638,0.03169182323268652
12451.0,12,5,9035.52,1,2.0353409542458913,0.21491462867039857
12452.0,18,2,430.57,0,-0.1181424580492761,-0.9397008199494159
12453.0,136,1,707.09,0,-0.7352232519600714,-0.07592173970471955
12454.0,58,1,3528.34,2,0.3767295994648605,-0.2011329549850667
12455.0,75,6,2466.86,2,1.2781695825732518,0.38492302032753667
12456.0,46,3,3181.04,2,1.010505851593691,-0.012612960506317461
12457.0,83,7,2363.23,2,1.3462791032203607,0.4932171501235292
12458.0,73,2,947.4,2,0.04067162630696573,-0.2896053095977741
12461.0,126,2,826.88,0,-0.24562803089399526,0.07507577910923793
12462.0,20,2,1189.59,2,0.37191550124510875,-0.6275069355076871
12463.0,7,4,1344.78,2,0.9538656219857578,-0.46210239762955674
12464.0,12,8,1212.05,2,1.4205841407227202,-0.1911083178729675
12465.0,19,2,742.1899999999999,0,0.14463184198969653,-0.7730305454695913
12468.0,219,2,729.5400000000001,3,-0.6923154962312347,0.7481685376855923
12471.0,12,30,19824.05,1,3.9254871264014217,1.1802290742399666
12472.0,53,7,6572.11,1,1.972710614633268,0.5634861207614964
12473.0,55,5,3938.5499999999997,2,1.4495052912694264,0.30012665324543325
12474.0,4,18,7375.79,1,3.024699221790794,0.6106763608588828
12475.0,55,1,723.38,0,-0.3885043377387791,-0.6873865020831124
12476.0,17,11,6816.42,1,2.5111792198979375,0.48101933795389407
12477.0,24,6,13219.74,1,2.3136999960456555,0.48686075933866896
12478.0,182,1,680.99,3,-0.944225426762752,0.26412017173260266
12479.0,13,1,527.2,0,-0.36962151299808177,-1.1003110259781579
12480.0,30,4,3281.63,2,1.2964748167881557,-0.02567624517365317
12481.0,24,10,5596.32,1,2.3056379219385708,0.4377714103872063
12483.0,19,8,2484.98,1,1.743955658392812,0.07226458581344083
12484.0,102,6,4541.72,2,1.4659689840120433,0.7695053281048246
12488.0,11,3,1298.66,2,0.7157667303619579,-0.5417093502192626
12489.0,163,1,334.93,3,-1.213261429619037,-0.08807061507154446
12490.0,19,10,5417.93,1,2.310444738041728,0.3901383948887394
12491.0,334,1,460.40000000000003,3,-1.7657902267242884,1.3097126103306873
12492.0,107,2,263.21000000000004,0,-0.7278018099808892,-0.40411054653375844
12493.0,167,2,433.74,3,-0.7317932407991433,0.19947638565210968
12494.0,17,7,1246.1000000000001,2,1.3055744689552622,-0.19759790387902895
12497.0,83,1,1043.1,0,-0.32495777623631,-0.36673931064720133
12498.0,23,3,403.70000000000005,0,0.09309806528176554,-0.7915258280979914
12500.0,25,11,4257.82,1,2.2469872916807234,0.40439916366927264
12501.0,163,1,2169.39,2,-0.2970102757555379,0.45786643585608927
12502.0,189,5,3723.87,2,0.866881384988207,1.3062995495941072
12504.0,20,2,482.04999999999995,0,-0.07108674987415148,-0.8914644121346496
12506.0,234,1,73.5,3,-2.2470135161832023,0.013039632753796276
12507.0,136,3,1304.81,2,0.2002622836905275,0.41356107913612744
12508.0,28,2,398.27,0,-0.19777088556243905,-0.8861522489632521
12509.0,286,1,176.5,3,-2.036079607896037,0.6638918442748564
12510.0,144,2,982.5699999999999,2,-0.23557001854200854,0.2628582760684821
12512.0,245,2,138.03,3,-1.61478313790262,0.4611123787096597
12513.0,114,1,612.29,0,-0.7146720700605793,-0.2858638008943662
12514.0,269,1,1017.68,3,-1.1075822241190294,1.0454355280023424
12515.0,355,1,383.7,3,-1.9420649239453045,1.4167692986602234
12516.0,5,2,1312.06,2,0.4821372595620602,-0.7133239423898765
12517.0,30,5,2502.84,2,1.330488870750689,-0.023273316818882343
12518.0,1,5,2056.89,2,1.354299705976161,-0.3019690907856281
12519.0,154,1,340.84,3,-1.1674136284726042,-0.15164753976221487
12520.0,38,5,2634.26,2,1.32247043071049,0.0527443506841855
12521.0,144,1,599.68,0,-0.849152159645442,-0.06300952983165153
12522.0,41,2,192.72,0,-0.6067907760319992,-0.9985692962399847
12523.0,10,11,1789.77,1,1.8836740962008864,0.03643214246307872
12524.0,11,8,4485.72,1,2.0670613934613162,0.1839878318221117
12526.0,55,3,1316.66,2,0.5402478898813429,-0.20191564253273472
12527.0,83,3,348.71000000000004,0,-0.22717618962582925,-0.37639215080223637
12528.0,11,6,1933.48,2,1.4237087431149718,-0.17472210570090452
12530.0,31,4,1662.28,2,0.9584647189517377,-0.216976010934878
12531.0,16,1,125.22,0,-1.0850158121477167,-1.4962717161735186
12532.0,91,1,349.83000000000004,0,-0.8936828060887227,-0.6248118113114676
12534.0,337,1,1089.18,3,-1.3559648290378468,1.5842003232244761
12535.0,93,2,716.35,0,-0.17929779238811477,-0.21868300661344087
12536.0,31,3,12601.830000000002,2,1.7485769215487807,0.27566637091060386
12538.0,61,1,363.95,0,-0.75002771744442,-0.842199271328266
12539.0,24,4,5568.35,2,1.5809355925722142,0.08321971344119092
12540.0,21,17,13400.24,1,3.197932208007219,0.8908827771908859
12541.0,61,3,981.18,2,0.3710921564942434,-0.2421085009791946
12544.0,275,1,372.7,3,-1.624905016655458,0.7977915829180711
12545.0,77,2,1000.39,2,0.050800723970106584,-0.243172332063698
12546.0,48,2,1161.5,2,0.24419792823833605,-0.4208221408468395
12547.0,199,2,207.79999999999998,3,-1.2245053757700084,0.22908131029804898
12548.0,168,1,95.19999999999999,3,-1.8480662603917997,-0.41581421631044396
12550.0,81,1,964.83,0,-0.35493948481452453,-0.4048023844932495
12551.0,359,1,168.0,3,-2.362586715672626,1.2066042074859271
12552.0,41,2,437.82,0,-0.20524053837448278,-0.7593104951769151
12553.0,1,10,3692.28,1,2.1967363996803244,0.14059711806803027
12556.0,34,2,603.71,0,-0.018770482128390144,-0.7189005287076459
12557.0,18,5,11990.960000000001,1,2.149444708129691,0.34349847350652624
12558.0,302,1,269.96,3,-1.8946306052364739,0.9097632176022037
12559.0,312,2,561.71,3,-1.205759121683505,1.3814854542007615
12560.0,114,3,2134.01,2,0.5328411967297785,0.38953692771149095
12561.0,70,1,238.85,0,-0.9934432952468719,-0.8963406915380214
12562.0,24,7,3781.7400000000002,1,1.8215007498616593,0.18050640193444079
12564.0,263,1,456.9,3,-1.4754062777986787,0.7656755436907529
12565.0,290,1,145.92,3,-2.1455059405836447,0.6390891799296803
12566.0,88,1,351.65,0,-0.8787140306782556,-0.6461911083152629
12567.0,24,10,9401.28,1,2.5603474935636257,0.5895369953904853
12569.0,1,32,4124.69,1,3.257458900515671,0.6649732386552056
12571.0,41,2,519.61,0,-0.12130783779502237,-0.7093002214244314
12572.0,53,2,1020.42,2,0.15994858177378457,-0.4205239860586159
12573.0,229,1,160.54000000000002,3,-1.8462216093771695,0.2013494935268344
12574.0,317,1,218.45,3,-2.0603135715588228,0.9625343415824419
12576.0,131,5,1315.83,2,0.5965160781232753,0.5594393478998977
12577.0,244,3,657.8,3,-0.5831184771255729,1.037530547280033
12578.0,23,2,2794.51,2,0.7786631662577966,-0.3548530520092202
12579.0,80,1,440.42,0,-0.7353140359398629,-0.6415433311852964
12580.0,160,1,415.7,3,-1.0950221294242202,-0.04791743213161895
12581.0,41,1,197.71,0,-0.9657149983677339,-1.1727022938605556
12582.0,240,2,511.36,3,-0.9535262118848379,0.804617137583155
12583.0,1,15,7281.38,1,2.873383182559241,0.5070562378345643
12584.0,19,9,2338.15,1,1.810570847999001,0.10163317211585045
12585.0,236,2,2040.1,3,-0.2581665171082898,1.1785410340164109
12586.0,19,1,196.94000000000003,0,-0.8764848440215144,-1.341722828763216
12587.0,302,1,144.0,3,-2.2016769293302474,0.7268134183390882
12588.0,41,1,214.89999999999998,0,-0.9249700246502496,-1.1484248992863149
12589.0,30,2,646.68,0,0.03151189798039167,-0.7293380656052595
12590.0,6,2,9864.26,2,1.4683508683324804,-0.11560119821481424
12591.0,319,1,452.84999999999997,3,-1.7117537474343902,1.1904182916784272
12592.0,67,2,437.6,0,-0.31319394557924357,-0.5610483031436714
12593.0,110,3,418.09999999999997,0,-0.2501364598428028,-0.117388417319837
12594.0,48,10,3338.2200000000003,1,1.9525443540534653,0.4697709947157073
12596.0,37,2,618.27,0,-0.019514097514591676,-0.6890453439738599
12597.0,21,4,3811.22,2,1.4072084321446823,-0.050591750549839214
12598.0,11,8,3023.08,1,1.873319991107465,0.06854938528084475
12599.0,34,7,1032.58,2,1.1429280861657356,-0.1228186294677141
12600.0,30,10,2599.04,1,1.9042356203052833,0.25919727294125894
12601.0,40,5,577.0600000000001,2,0.5691762808024667,-0.37589792196965505
12602.0,1,1,153.12,0,-0.9248043902666696,-1.5523029930318277
12603.0,23,1,739.1999999999999,0,-0.24533209811024057,-0.9252605010326378
12604.0,81,2,254.18,0,-0.6371722684112283,-0.6126949521605274
12607.0,62,1,1579.51,0,-0.03436243261516376,-0.40567943913104504
12609.0,80,3,1126.85,2,0.36029747882457513,-0.056651404868081054
12610.0,24,5,2099.54,2,1.2690941220358098,-0.12045114517370721
12611.0,54,1,1193.32,0,-0.13881005924319048,-0.5487086378146008
12612.0,76,1,704.0400000000001,0,-0.4887881707956893,-0.5350515861581597
12613.0,59,5,3344.38,2,1.3526489204466081,0.2828136470379847
12614.0,161,1,315.6,3,-1.2340799081783476,-0.12067389031062989
12615.0,73,4,2291.19,2,0.9419759554010989,0.19737498505827059
12616.0,216,2,713.3,3,-0.6909278607163325,0.7186970844738005
12617.0,61,1,355.53,0,-0.7614906679367757,-0.8490293302704438
12618.0,23,1,177.31,0,-0.9443445251852196,-1.3417585118563535
12619.0,18,9,3641.24,1,2.0321725198723897,0.2235724000972216
12620.0,16,3,1339.41,2,0.710215088056241,-0.4945201303097718
12621.0,6,20,13689.67,1,3.411769182254988,0.8516998926912065
12622.0,234,1,180.1,3,-1.810804898326199,0.272949206038273
12623.0,130,1,305.1,0,-1.1222229121884808,-0.36710727479988653
12624.0,108,2,641.13,0,-0.29583581176009305,-0.13662946667885678
12625.0,6,2,2683.82,2,0.829246701879559,-0.49640360419012103
12626.0,25,9,6620.48,1,2.2967072990900284,0.45188815232303986
12627.0,12,7,4478.53,1,1.9542396692764303,0.13840422914355963
12628.0,183,3,786.46,2,-0.24281458243019138,0.6242318664104891
12630.0,11,2,1270.88,2,0.4416336686324437,-0.6768609942350563
12631.0,59,1,640.5,0,-0.46474520679148973,-0.6924160135388122
12633.0,1,4,2163.98,2,1.2122024723975637,-0.368772060641756
12635.0,32,2,1689.18,2,0.4942747331981471,-0.4334076472233169
12637.0,93,8,6021.9,1,1.8719688648806232,0.8958967424183972
12638.0,183,1,671.69,3,-0.9551108351765741,0.2677336538029825
12639.0,240,1,486.1,3,-1.34976852937147,0.6082486090963901
12640.0,25,3,1174.58,2,0.608494339195425,-0.4642344185940632
12641.0,117,1,185.9,0,-1.3106415468767754,-0.6106666704012004
12642.0,27,3,1013.26,2,0.5277234956574169,-0.49216189922653897
12643.0,40,6,3344.64,2,1.5726011558067474,0.20687678763000264
12644.0,306,1,477.91,3,-1.6315062150347723,1.106940347899063
12645.0,111,4,1775.18,2,0.6593095347250673,0.4127295989773739
12646.0,51,2,1346.97,2,0.3044643454291551,-0.3546148739119549
12647.0,24,12,3722.82,1,2.2585259195708423,0.39333228192402786
12648.0,126,1,318.05,0,-1.0853038874441057,-0.38550720365453023
12649.0,36,3,623.51,2,0.25228872135401925,-0.5653815663089886
12650.0,182,1,314.44,3,-1.3228767521102476,0.03850540768194977
12651.0,101,1,114.0,0,-1.4828527569965562,-0.8748673290451774
12652.0,10,1,919.98,0,-0.0841671109368255,-0.9605247684182493
12653.0,150,2,2209.85,2,0.13732765460727414,0.5456413145275085
12654.0,12,5,601.98,2,0.7058956037105054,-0.5772191339779046
12656.0,19,5,4051.17,2,1.6124800674259403,0.03365407514795073
12657.0,13,4,1643.18,2,1.0273592501141002,-0.3577155998577075
12658.0,20,1,686.05,0,-0.269496928255647,-0.9699570785869162
12659.0,61,1,91.68,0,-1.4231160496241158,-1.243250727072164
12660.0,13,1,245.1,0,-0.744683252228666,-1.323786979015636
12662.0,24,11,3849.78,1,2.201669305042989,0.36729757561704895
12664.0,1,9,4881.88,1,2.246552018195969,0.17961767025632128
12665.0,326,1,63.0,3,-2.702735167680388,0.6706500623050666
12667.0,1,1,620.13,0,-0.24032222738050832,-1.1444626625253413
12668.0,13,4,3807.15,2,1.4398245164000179,-0.11195321239798942
12669.0,4,3,2744.0299999999997,2,1.111945705814719,-0.3763468874588225
12670.0,12,5,2996.05,2,1.4933543245675132,-0.10802148006044233
12672.0,331,1,225.89999999999998,3,-2.1019147793386175,1.0791386451466638
12673.0,243,2,610.52,3,-0.8790706751874459,0.8792788179460769
12674.0,93,4,1970.6,2,0.7851359327563643,0.3059121670648494
12676.0,26,6,1331.39,2,1.1784610310287842,-0.16935866298464888
12678.0,44,12,17628.46,1,2.9392276483526887,1.0009084794609624
12679.0,1,4,1113.02,2,0.8859062228517248,-0.5631916926986025
12680.0,32,4,880.81,2,0.6426926123622987,-0.3950255414208316
12681.0,16,22,13787.54,1,3.4571733986197475,0.9708341896182232
12682.0,3,31,12288.22,1,3.757003027084434,0.9858343578077495
12683.0,6,15,8476.57,1,2.927298937690635,0.5896783796522709
12684.0,26,7,2283.63,2,1.5655873838334695,0.04822238999814598
12685.0,30,6,2863.08,2,1.5377066614615549,0.08509113343872367
12686.0,639,1,89.14,4,-3.831175330604428,3.1594011262385497
12688.0,115,1,4873.8099999999995,2,0.29920906515789003,0.3283443007417143
12689.0,27,2,1247.61,2,0.3662843271010684,-0.5601662644235411
12690.0,207,1,389.01,3,-1.3222306264447303,0.2913758843676098
12691.0,1,6,1035.8,2,1.158843513755917,-0.4335330114771134
12693.0,6,4,855.91,2,0.7363331811492494,-0.601815863283189
12694.0,72,2,869.67,0,0.0028196814456422467,-0.32225834791302954
12695.0,109,4,582.1,2,0.1205911693676124,0.07154200634657877
12697.0,30,3,957.59,2,0.48757331388152536,-0.48578663541973555
12700.0,128,4,4939.99,2,1.0913176446157844,0.8418264845434628
12701.0,37,2,797.71,0,0.10544634711372501,-0.6145891904014166
12702.0,21,1,219.0,0,-0.8328799361932626,-1.29554253815689
12703.0,72,1,283.55,0,-0.9178039299431926,-0.8310730609938871
12704.0,24,8,2340.84,1,1.6939100869031833,0.09294264185653763
12705.0,17,9,6868.29,1,2.3478914190311824,0.40159022758596513
12707.0,293,1,603.42,3,-1.4633487642715768,1.0758424544763403
12708.0,61,10,2712.91,1,1.796865331843237,0.5083040072710965
12709.0,1,15,9736.52,1,3.0160582211277465,0.5920674156853488
12710.0,203,3,1149.02,2,-0.13968055936487322,0.8876714059575816
12712.0,10,13,4396.13,1,2.4660261547210443,0.3683157610252878
12713.0,90,1,848.55,0,-0.45521994430368334,-0.3736584939597252
12714.0,11,5,4708.86,2,1.7194830625810373,0.016615144947364532
12715.0,108,1,353.86,0,-0.9584977157092119,-0.49174084938128815
12716.0,135,2,1053.49,2,-0.16409544282792216,0.21455075177448116
12717.0,34,2,1030.98,2,0.2437087132406598,-0.5625055083626178
12718.0,73,1,238.25,0,-1.0071010681046153,-0.8741802496872323
12719.0,215,2,644.95,3,-0.736179324308451,0.6816351333652129
12720.0,4,25,5781.73,1,3.192454119941566,0.6798987890890381
12721.0,81,6,2656.13,2,1.2896031069584712,0.4523320638287145
12722.0,4,4,997.63,2,0.819780001813347,-0.5722939343879121
12723.0,18,5,725.07,2,0.7722657081891118,-0.4770768007037553
12724.0,40,4,1031.41,2,0.6869839544860733,-0.28783972958435844
12725.0,639,1,427.8,4,-3.065262156559151,3.615761129433913
12726.0,30,7,2609.1,2,1.6144222768050582,0.11771774257579082
12727.0,12,7,3980.7,1,1.8963850073860546,0.10393223599881475
12728.0,40,4,836.33,2,0.5841340705106463,-0.3491215758434672
12729.0,115,1,453.01,0,-0.8664938482807899,-0.3662255321441638
12731.0,25,12,18895.91,1,3.0520314720248436,0.8762322861639049
12732.0,181,1,236.26000000000002,3,-1.4586017444223356,-0.05246408967978557
12733.0,236,1,383.95,3,-1.4487785897639207,0.5088569962891768
12734.0,354,1,110.39999999999999,3,-2.546545035893021,1.0464977927367283
12735.0,193,2,779.5699999999999,3,-0.5520785029060399,0.5691421258482485
12736.0,40,1,234.0,0,-0.8791978654681424,-1.131251537323184
12738.0,666,1,155.35,4,-3.6725669119432847,3.526590343721643
12739.0,80,2,1013.04,2,0.04453775448219553,-0.21660578700977168
12740.0,154,1,427.6,0,-1.0563388161603724,-0.08546497048480223
12743.0,136,2,546.43,0,-0.4901841664748529,0.030354191112175032
12744.0,53,7,21279.29,1,2.5496374027350894,0.9072408958243858
12747.0,24,11,4196.01,1,2.2439502923824435,0.39249018513364126
12748.0,5,209,33719.73,1,5.967789676437157,2.138965949545831
12749.0,24,5,4090.88,2,1.5965562324091642,0.07466315080719768
12750.0,278,1,275.88,3,-1.7845947582161799,0.7329406611283428
12752.0,83,1,4366.78,2,0.3778373945532022,0.052012601783316584
12753.0,24,6,21429.39,1,2.5509066669326907,0.628197454870648
12754.0,161,3,3010.74,2,0.5070968480283568,0.8488701945422376
12755.0,252,2,3811.95,2,-0.01756021879100495,1.4834940699873183
12756.0,88,1,112.07999999999998,0,-1.4372674284318192,-0.9789983233123627
12757.0,5,13,7857.1,1,2.771860947601913,0.5000465861023701
12758.0,118,2,2791.59,2,0.38460461702265475,0.3697968422053017
12759.0,54,3,1531.44,2,0.6185465557788846,-0.1653617591063285
12762.0,27,2,1898.52,2,0.5723300653354423,-0.43739642974059406
12763.0,140,2,494.08,0,-0.5561162740940324,0.031467029155308066
12764.0,318,1,1693.88,3,-1.0605540002822755,1.568328281947968
12766.0,59,7,6989.63,1,1.9780980569538928,0.6272926801641897
12769.0,240,1,1143.6,3,-0.9302122822873022,0.8582360707935133
12770.0,212,1,1351.45,3,-0.7322758673756006,0.6933903148148932
12772.0,31,1,892.47,0,-0.18605384608688402,-0.8091449221136394
12775.0,19,5,1386.04,2,1.08599467120238,-0.28004581309642207
12778.0,21,6,822.23,2,0.9627182554930428,-0.3484034569402834
12779.0,200,8,3981.36,1,1.2255524577304606,1.5913753269899114
12781.0,154,2,826.74,0,-0.36170339022837816,0.288697444486999
12782.0,151,5,2330.92,2,0.794303585309927,0.8792770090355224
12783.0,55,6,2225.91,2,1.3105686627481254,0.20223922375988926
12784.0,11,2,574.42,0,0.052127007850937226,-0.9089437772220945
12785.0,425,1,311.95,4,-2.333416162507006,1.8905468202434648
12787.0,11,3,463.66,0,0.2106576596376757,-0.8426724161922131
12789.0,215,1,91.85,3,-2.060173772228784,-0.06752316236506495
12790.0,194,1,324.92,3,-1.356537299326175,0.13964221753807962
12791.0,698,1,192.60000000000002,4,-3.7001855705755973,3.833315531526101
12792.0,258,1,400.53999999999996,3,-1.5191946021859273,0.6890877076969671
12793.0,101,2,545.48,0,-0.3460467484206937,-0.23724297694220642
12794.0,55,2,860.41,0,0.06799265339485588,-0.4551159627811422
12795.0,20,1,430.48,0,-0.4979439288205032,-1.1060744316246196
12797.0,455,1,254.03,4,-2.558200711670732,2.059594282834271
12798.0,12,3,6977.04,2,1.5369779630655738,-0.04230125504204881
12802.0,188,1,427.58,3,-1.197209532913318,0.17397920198764674
12808.0,127,3,483.65000000000003,0,-0.24919678392176733,0.054861610703891714
12809.0,179,1,489.31,3,-1.0938453442822593,0.14467271377169638
12811.0,262,3,514.85,3,-0.7778069209344062,1.103317370899067
12812.0,46,1,229.64000000000001,0,-0.9132501821541703,-1.0909446762625854
12814.0,103,1,125.92,0,-1.4427044932682558,-0.8307466375761363
12815.0,149,2,1063.46,2,-0.21747027041269099,0.32413988788383286
12816.0,178,2,572.2,3,-0.6415825519335373,0.36432093785698605
12817.0,283,1,166.04,3,-2.053479193634549,0.6232262549105854
12818.0,263,1,1542.08,3,-0.8787914612786986,1.1211611898449005
12820.0,46,4,942.34,2,0.6178203898178537,-0.26845347647820555
12821.0,97,1,92.72,0,-1.5667690111047596,-0.96526548186563
12822.0,72,2,948.88,2,0.04557996471663057,-0.2967801557739434
12823.0,76,5,1759.5,2,0.9669554532354014,0.224693042443723
12824.0,31,1,397.12,0,-0.5830290151370879,-1.0456777244669275
12826.0,61,7,1474.72,2,1.205963227644851,0.18742441897402537
12827.0,46,3,430.15000000000003,0,0.02890942529813197,-0.5974851933141546
12828.0,114,6,1018.71,2,0.682569452161812,0.4239193278331668
12829.0,163,2,293.0,3,-0.9073208275715169,0.05449274000544189
12830.0,93,6,6814.64,1,1.7024835000978265,0.8195348350406034
12831.0,264,1,215.05,3,-1.848424819008331,0.5535164248447755
12832.0,153,2,383.03,0,-0.7347054351517002,0.05634931550317851
12833.0,147,1,417.38,0,-1.0391926326516094,-0.14594456398397287
12834.0,311,1,312.38,3,-1.8604874715362927,1.021001763112629
12836.0,31,4,2612.86,2,1.180454207858916,-0.08470628728989978
12837.0,175,1,134.1,3,-1.7102979416590913,-0.2630307101307651
12838.0,183,2,683.13,3,-0.5754155665008006,0.4542428255061142
12839.0,13,14,5591.42,1,2.6348841471779627,0.4924660450973334
12840.0,66,4,2726.77,2,1.0564118364240882,0.19486426867602966
12841.0,5,25,4022.35,1,3.0101641331218687,0.5813829481503049
12842.0,72,2,1118.99,2,0.12648141772454558,-0.24857601383680641
12843.0,67,8,1702.26,2,1.3594202700272255,0.3279160166950007
12844.0,61,2,325.96000000000004,0,-0.4325954123021619,-0.6927887254224081
12845.0,269,4,354.09,3,-0.7857952464840684,1.147389878862984
12847.0,24,1,871.54,0,-0.16869663604551913,-0.8694987780326823
12849.0,122,2,1050.8899999999999,2,-0.11145421578593691,0.11462392837253405
12851.0,246,1,135.18,3,-2.0005111055588833,0.2811081166793411
12852.0,296,1,311.55,3,-1.7996511273886056,0.9057590608228848
12853.0,136,6,1957.1000000000001,2,0.911845814960928,0.7827180779537273
12854.0,7,3,1324.5,2,0.7420051270378047,-0.5664732007619719
12855.0,667,1,38.1,4,-4.357344348247476,3.1286734977822857
12856.0,20,6,2179.93,2,1.445313199950157,-0.07095457754346836
12857.0,70,2,1106.4,2,0.1292149207530838,-0.2671461287165787
12863.0,54,1,521.2,0,-0.5450777425654945,-0.7907782712169104
12864.0,140,1,147.12,0,-1.5201238174334504,-0.503197469507675
12865.0,28,2,1568.23,2,0.47438182374149446,-0.4856582726739995
12866.0,342,1,559.12,3,-1.7037160353675216,1.4274941155274516
12867.0,28,7,4036.82,1,1.8369769892790722,0.23012540852606295
12868.0,10,6,1607.0600000000002,2,1.3370934028404355,-0.2364302171506965
12871.0,86,2,380.64,0,-0.4602182363717307,-0.45676195691230553
12872.0,328,2,599.97,3,-1.2397363977769864,1.5228312235233428
12873.0,311,1,374.0,3,-1.7723325872030555,1.0735277734481357
12875.0,145,2,343.2300000000001,0,-0.7552949754161932,-0.03671406739646301
12876.0,59,2,2218.02,2,0.5161140750775725,-0.14771061244740163
12877.0,26,12,1535.77,1,1.8155952821468322,0.14961631469048772
12878.0,238,2,854.99,3,-0.6931996083253861,0.9395307231605864
12879.0,46,3,573.22,2,0.16963376965502477,-0.5136363127665267
12881.0,99,1,298.0,0,-1.00532783499896,-0.6105387801854988
12882.0,11,2,1463.04,2,0.5107314605041016,-0.6356899195128473
12883.0,26,4,703.47,2,0.5572837975833637,-0.506511857522178
12884.0,2,1,309.05,0,-0.5856757786044551,-1.3401379352303853
12885.0,125,3,1175.22,2,0.1945033841924772,0.2990360933934327
12886.0,250,2,1378.4,3,-0.5085905345151557,1.1707208188517757
12888.0,97,2,354.12,0,-0.5411557463053436,-0.3938939670615778
12890.0,25,1,380.46999999999997,0,-0.5791533974778177,-1.1039650028005974
12891.0,158,3,331.0,0,-0.5633913276958316,0.18073464046568197
12893.0,91,1,188.14,0,-1.1970837029557515,-0.8055895273186456
12895.0,44,2,372.8,0,-0.29642321271472477,-0.7833423183075633
12897.0,39,2,216.5,0,-0.5416450252191496,-0.9799518361263095
12901.0,12,28,17654.54,1,3.807481125279774,1.116451085046362
12902.0,266,1,138.68,3,-2.0709006445019833,0.4411557627375364
12904.0,20,2,509.58,0,-0.04386715948920591,-0.8752459519018244
12906.0,13,5,2919.81,2,1.4765576459581928,-0.10793015608411652
12908.0,178,2,750.0,3,-0.5089049640447187,0.44337525691654445
12909.0,41,5,2178.67,2,1.2168301647386646,0.020098148291278005
12910.0,7,8,3075.04,1,1.8982565577151884,0.04300985520397788
12912.0,16,5,1662.3,2,1.1876194327872573,-0.2497921999120016
12913.0,17,5,2483.63,2,1.3805601843309394,-0.12473139174561382
12915.0,150,2,363.65,0,-0.7477075190894731,0.018303923837345987
12916.0,140,4,3006.15,2,0.7977458818365095,0.7880983734340365
12917.0,278,1,594.0,3,-1.408923990029178,0.9567794966254982
12919.0,3,6,1335.19,2,1.2751390222869161,-0.3440409149205507
12920.0,19,1,164.23,0,-0.9651877808183164,-1.3945753894604336
12921.0,11,37,16587.09,1,4.028588378309164,1.2116125784834262
12922.0,338,1,405.38,3,-1.8447172123602569,1.3030826091405645
12923.0,184,1,176.97,3,-1.6122375810115732,-0.11370786618757651
12924.0,2,4,933.7,2,0.7955754452526453,-0.6069147628169668
12925.0,76,2,694.05,0,-0.12438247632030726,-0.35765252036180273
12928.0,7,5,2062.7000000000003,2,1.3308287359529545,-0.2553574636490632
12929.0,343,1,117.85,3,-2.4691861441769207,0.9814975269616253
12930.0,80,2,415.8,0,-0.39208381945097076,-0.47676141512477443
12931.0,23,15,42055.96,1,3.643401338335791,1.1880493759530266
12933.0,26,3,607.53,2,0.2809850014814657,-0.6492774347844084
12935.0,28,7,2160.7,2,1.5301405917951365,0.04730069146754046
12936.0,18,4,1063.9,2,0.7933371249621901,-0.446657724616237
12937.0,17,4,1504.27,2,0.9674408719304632,-0.35301955463467305
12938.0,27,1,114.14,0,-1.175704180085346,-1.4392136558822577
12939.0,38,8,11581.8,1,2.4209587493313625,0.6675375755747338
12940.0,56,2,913.54,2,0.09324196677845402,-0.4299720483931698
12942.0,133,3,683.9,2,-0.10421168765921433,0.2018457259417032
12944.0,244,2,604.51,3,-0.8880635242794119,0.8840199583561195
12945.0,290,1,462.95,3,-1.5808100022922165,0.975556352627575
12947.0,66,6,1603.99,2,1.1041703431528647,0.19035292364889617
12948.0,18,7,2064.95,2,1.5493178027608965,-0.04226699801873899
12949.0,91,8,4167.22,1,1.6994946365660233,0.7729312423368028
12950.0,26,3,1843.0,2,0.8254273233752302,-0.3248781318623233
12951.0,175,6,1064.07,2,0.4512451631445885,0.9021521747163814
12952.0,45,4,1387.79,2,0.8118966609508368,-0.1629149220921193
12953.0,11,1,329.85,0,-0.5910719571856079,-1.2524584056639596
12955.0,18,11,4757.16,1,2.3304317087205466,0.3834225622733465
12956.0,192,1,108.07,3,-1.8858270310866527,-0.19592743900771728
12957.0,11,8,4017.54,1,2.012941941602447,0.15174141792012977
12962.0,115,2,266.39,0,-0.755067085212588,-0.33956087053043493
12963.0,12,8,1856.63,2,1.6298677871940948,-0.06640921514312233
12965.0,32,1,771.91,0,-0.2613796378513234,-0.8439274548245117
12966.0,11,1,160.18,0,-0.944234288845849,-1.4628858643714686
12967.0,359,2,1660.9,3,-0.868636067777136,2.0570288276405315
12968.0,114,1,135.95,0,-1.4509213075354817,-0.7245489100589306
12970.0,302,4,452.24,3,-0.8026503027883037,1.4706278471781002
12971.0,10,86,11189.91,1,4.598206134393578,1.4597536610526542
12974.0,199,1,144.8,3,-1.7722889444941186,-0.05758122048887293
12976.0,6,1,738.6,0,-0.17530643086335063,-1.0552266967208752
12977.0,187,1,39.239999999999995,3,-2.3547914207512695,-0.5258512366794537
12980.0,10,9,7374.900000000001,1,2.4118338973506086,0.368993634370666
12981.0,61,2,372.21999999999997,0,-0.36760969172728036,-0.6540677781215947
12982.0,37,1,390.54,0,-0.6160688690415244,-1.0047675998329895
12984.0,20,1,97.5,0,-1.223361052057187,-1.5383053579184847
12985.0,30,2,1239.38,2,0.35060894533619796,-0.5392079901793493
12987.0,75,2,558.7,0,-0.22660103590127337,-0.4286576193211989
12988.0,294,1,535.32,3,-1.5261951264835736,1.048495637331437
12989.0,2,15,6924.110000000001,1,2.8445370334500857,0.49996803209113905
12990.0,122,3,409.5,0,-0.310029473433095,-0.03188190192019033
12991.0,25,2,503.76,0,-0.07021002922616555,-0.8404449307314201
12993.0,25,4,414.76,2,0.30245747108581983,-0.6684464291133763
12994.0,33,3,974.4200000000001,2,0.48369279436747364,-0.4578005366689578
12995.0,87,1,211.32,0,-1.123740173496133,-0.8022863602460538
12997.0,2,4,1226.89,2,0.9295573371450658,-0.5270832901590343
12999.0,129,3,455.88,0,-0.2864591610060325,0.052858118015095976
13000.0,108,3,534.85,0,-0.12116912893961804,-0.060743648784075864
13001.0,24,13,9818.82,1,2.8025946410516,0.7102478545543641
13002.0,320,1,120.94999999999999,3,-2.36126177093365,0.8135162942699371
13003.0,34,3,149.05,0,-0.4397163305972935,-0.9979031575630327
13004.0,13,18,5655.91,1,2.857051502284194,0.6016802929236875
13005.0,160,2,513.7,3,-0.619881882506471,0.19546146325760066
13006.0,58,1,81.57,0,-1.4674119970616535,-1.2999421848074957
13008.0,325,1,229.46999999999997,3,-2.069392765299673,1.037919971958296
13011.0,666,1,50.550000000000004,4,-4.217450565410479,3.2019280787758118
13012.0,11,8,1661.8400000000001,2,1.5796103948381102,-0.10645388771948101
13013.0,23,13,4810.9400000000005,1,2.456443277311768,0.4938983757647638
13014.0,12,10,3466.2799999999997,1,2.120158503671005,0.20606273058910954
13015.0,55,5,3346.28,2,1.3694980826288414,0.2524553358844512
13016.0,75,3,789.89,2,0.20671873524113152,-0.19865652019989524
13017.0,302,1,204.0,3,-2.0316249868733767,0.8281367897509078
13018.0,18,28,7277.7,1,3.3474742751966486,0.9029581437148848
13021.0,27,9,2616.38,1,1.832621651624313,0.19556723092838998
13023.0,184,2,689.9,3,-0.5747223424357241,0.4647552942164024
13026.0,99,5,975.36,2,0.5821692689594254,0.22770954904220211
13027.0,115,6,6912.0,1,1.6183121389845276,0.9915695900587727
13028.0,24,2,661.3199999999999,0,0.06734421780155561,-0.7685843335543072
13029.0,91,3,1247.5,2,0.3646381343040175,0.057028537510957565
13030.0,13,2,799.48,0,0.20595540575903618,-0.7970881672850296
13032.0,54,2,1010.18,2,0.15085787496842956,-0.4158411529710066
13033.0,359,1,190.55,3,-2.3010779255785403,1.2432534682573841
13034.0,56,2,642.77,0,-0.07916889030394145,-0.5327009502522023
13035.0,75,2,921.88,2,0.01899099872447842,-0.2823246072976475
13037.0,140,3,881.07,2,-0.008965318057941093,0.32929304846625174
13038.0,82,3,908.46,2,0.24632171869628172,-0.10436362919573265
13040.0,183,2,676.99,3,-0.5798429265997135,0.4516048371056595
13043.0,38,1,516.42,0,-0.48331233431619874,-0.9155668216416338
13044.0,293,1,560.47,3,-1.499547305593734,1.0542739960749827
13045.0,336,1,305.28000000000003,3,-1.9753061831090677,1.205073927826827
13046.0,91,2,629.31,0,-0.23453583350566906,-0.27179475750140514
13047.0,58,10,3237.54,1,1.896084064481949,0.5371240175162169
13048.0,16,4,1835.91,2,1.0693651342484745,-0.3023886483507118
13049.0,184,2,656.6800000000001,3,-0.5989214685957676,0.4503365406736286
13050.0,16,17,5836.86,1,2.810559754484162,0.6095745373918715
13052.0,36,1,348.15000000000003,0,-0.6681980681772619,-1.0459275656004519
13055.0,67,3,1214.41,2,0.4508688308855862,-0.1339780268875933
13058.0,1,3,271.40000000000003,0,-0.010174142904497264,-1.075246542808821
13059.0,251,1,183.4,3,-1.8723607662427064,0.4079620281333424
13060.0,255,1,307.53,3,-1.6361625618128524,0.5890955197498822
13061.0,74,1,248.61,0,-0.9904261212239979,-0.8541452667777869
13062.0,339,1,346.98,3,-1.925048919466468,1.265317362959312
13064.0,2,4,1119.49,2,0.8846075259146698,-0.553866085770697
13065.0,698,1,205.86,4,-3.6676519737511137,3.852700277544193
13066.0,26,2,470.8,0,-0.10751472222580524,-0.8525730564653867
13067.0,84,1,115.46000000000001,0,-1.4062334251722513,-1.0009047702876264
13068.0,12,2,344.0,0,-0.20323424580731553,-1.0509982393753012
13069.0,3,24,4436.12,1,3.030595232897771,0.5772005891827021
13070.0,194,1,228.8,3,-1.5281441969597018,0.03739234509006621
13072.0,268,1,177.15,3,-1.95971806139558,0.5276013851738245
13075.0,306,1,919.61,3,-1.3105688223378316,1.2981669706024208
13077.0,120,4,729.27,2,0.1855447775314818,0.22133743572611955
13078.0,1,26,12627.94,1,3.62304863217444,0.9024671967382776
13079.0,23,5,220.10000000000002,0,0.1676343297106237,-0.7868419191954493
13080.0,181,1,58.08,3,-2.1413431240569,-0.4592671957629536
13081.0,13,11,28337.38,1,3.2274196197489564,0.8673847472862918
13082.0,178,9,3613.63,1,1.3656224712298877,1.4423238405570538
13083.0,77,2,303.75,0,-0.5334228084403394,-0.5912747830366547
13085.0,218,2,416.08000000000004,3,-0.9634303909987797,0.5765286217816896
13089.0,7,97,58825.83,1,5.534652452644852,1.975760017198385
13090.0,21,14,8910.82,1,2.8305737658738015,0.6898606695271193
13091.0,30,1,345.82,0,-0.6466307566082472,-1.0936734643590198
13092.0,6,5,477.83,2,0.6175365638576708,-0.6904633056296926
13093.0,99,8,7832.47,1,1.9761892010543383,1.018591673614441
13094.0,23,12,1927.3200000000002,1,1.939483372081176,0.19313525995300784
13095.0,72,1,74.39999999999999,0,-1.570018120880625,-1.2196869148178362
13097.0,79,10,6010.42,1,2.1128463225629712,0.8783669716729693
13098.0,11,28,28882.44,1,4.053346225935624,1.2528473805021207
13099.0,335,1,207.35999999999999,3,-2.1603464112936277,1.0847205499379091
13101.0,236,1,101.19,3,-2.1000979799629502,0.12077629854828591
13102.0,25,24,6424.09,1,3.121261540167338,0.8534102319109991
13103.0,41,1,243.94,0,-0.8629957872696157,-1.1114983074382103
13104.0,48,6,1098.48,2,0.9929681431148417,-0.05769510128370971
13106.0,135,1,76.5,0,-1.8175103104426884,-0.7308886746097559
13107.0,46,4,1531.6200000000001,2,0.8561487044476671,-0.1264484632316548
13108.0,667,1,350.06,4,-3.2794884012446404,3.770900789448217
13109.0,31,2,786.54,0,0.12338548081343116,-0.6644968945971281
13110.0,55,7,1488.67,2,1.235439174176801,0.14439078369291353
13113.0,6,24,12245.960000000001,1,3.516755017318218,0.8971712133963937
13115.0,1,4,2294.78,2,1.2410104191284783,-0.35160719769425586
13116.0,140,1,501.14,0,-0.9205765547986567,-0.1459645611785495
13117.0,23,8,984.91,2,1.273199511577839,-0.16783203183824527
13118.0,21,5,1197.81,2,1.0060880328136035,-0.3074583676536853
13120.0,240,1,30.599999999999998,3,-2.693046305774547,-0.1921270354349967
13121.0,271,1,283.73,3,-1.7418672672631714,0.6877033769960917
13122.0,185,2,922.39,3,-0.4364217523612283,0.5572594300240001
13124.0,32,3,3866.33,2,1.1642846234006077,-0.06237763366246012
13126.0,46,8,2099.64,2,1.5493945721371407,0.22902207049177184
13127.0,79,1,259.17,0,-0.9907905443204004,-0.8038653057044708
13130.0,185,1,64.0,3,-2.111017141855573,-0.4008001514381186
13131.0,25,3,1073.3,2,0.5642511063734547,-0.4905962080973914
13132.0,263,1,77.3,3,-2.3427175476105773,0.24889872449566403
13133.0,38,2,109.8,0,-0.8687272701231106,-1.1849392135344856
13134.0,87,4,1793.58,2,0.7637926695932307,0.23259852683703697
13135.0,198,1,3096.0,2,-0.2674057686704591,0.8289856064018707
13136.0,36,5,2607.61,2,1.3257640165436475,0.034507954297797606
13137.0,12,8,3650.41,1,1.9617505914368791,0.13133909724687953
13138.0,24,6,962.39,2,1.0275006098425725,-0.2795054240465182
13139.0,18,7,5064.94,1,1.9897985380370207,0.22018806421292986
13140.0,110,3,423.72,0,-0.24359489235517146,-0.1134907042882269
13141.0,86,5,2388.75,2,1.0756015096609073,0.3904226634542033
13142.0,21,1,307.09,0,-0.6674991373051956,-1.1970024105463568
13144.0,40,1,110.95,0,-1.243355560309928,-1.3482304487889232
13145.0,41,4,618.52,2,0.4320399398902896,-0.4296455849419987
13146.0,28,1,228.91,0,-0.8402405086540132,-1.229232307921765
13147.0,12,4,712.8000000000001,2,0.6217412207548789,-0.609497564510879
13148.0,61,12,3707.12,1,2.10317552071121,0.6744471716672686
13149.0,16,4,1676.06,2,1.024655272216923,-0.3290284731650802
13151.0,297,1,1257.8700000000001,3,-1.119607949747434,1.3210538958519291
13153.0,243,1,486.22,3,-1.3620753090067814,0.6312140237459232
13155.0,81,4,971.76,2,0.4879116111135845,0.007621652419812779
13157.0,7,4,1741.22,2,1.0806577397478407,-0.3865548640084279
13158.0,3,4,1201.06,2,0.9149739895409917,-0.5256731799562074
13159.0,52,4,1437.85,2,0.8002886416530761,-0.09913548113937809
13160.0,24,1,91.8,0,-1.2692050642955086,-1.525223273774285
13161.0,315,1,112.75,3,-2.3747325128633454,0.7549928192194801
13162.0,94,4,1688.29,2,0.7051021203609051,0.268324417805908
13165.0,48,2,1021.48,2,0.18117086569934698,-0.4583760456971393
13166.0,342,1,417.2,3,-1.8472075198444071,1.3419964683613672
13167.0,20,4,791.33,2,0.6398579018897987,-0.5179076044984732
13168.0,201,4,1319.19,2,0.14077669365291234,1.0127159096969727
13169.0,154,2,712.88,0,-0.43437659285505437,0.2453960049677374
13170.0,28,1,116.00999999999999,0,-1.1719350368602897,-1.4268684383366634
13171.0,23,3,468.41,0,0.16594134167447816,-0.7481230522040049
13173.0,213,2,353.65,3,-1.0223456833728595,0.49092756680598526
13174.0,18,3,2817.03,2,1.0668386633100915,-0.2618314926644768
13176.0,48,1,492.84,0,-0.5476441234785345,-0.8529039356610016
13177.0,184,1,282.45,3,-1.3836752565259751,0.022478201198726504
13178.0,28,11,5725.47,1,2.3799740782160836,0.5139359738357522
13182.0,47,1,121.18,0,-1.2294114579202247,-1.2692260884457107
13183.0,88,9,3957.78,1,1.7831175259615875,0.7821353998053417
13184.0,16,10,1701.29,1,1.754230457799485,0.02842665559769413
13185.0,269,1,71.4,3,-2.4060454792219264,0.2717620682313128
13186.0,41,3,1575.89,2,0.6864419477242909,-0.25619957479830213
13187.0,192,1,236.02,3,-1.5046671606904343,0.031182010948916816
13188.0,13,1,114.60000000000001,0,-1.1157499741014796,-1.544882549790555
13189.0,20,2,260.68,0,-0.372122319059378,-1.070832776553417
13192.0,207,2,911.94,3,-0.5331478866348445,0.721813576908354
13193.0,92,1,117.88,0,-1.4292740269794393,-0.9338378742614035
13194.0,137,1,60.7,0,-1.9377604885988529,-0.7823394342287185
13196.0,13,4,1797.78,2,1.0714917532556651,-0.33141978728102844
13198.0,12,6,3401.2400000000002,2,1.6968319624041968,-0.0018855541779922915
13199.0,12,38,9817.12,1,3.790686380255771,1.0774159131322427
13200.0,21,4,870.09,2,0.6822543733913887,-0.4825467655311942
13203.0,11,4,869.46,2,0.7233248983940253,-0.5590695914449407
13207.0,4,2,250.26000000000002,0,-0.3257959127554863,-1.204820467580364
13208.0,1,6,1223.9,2,1.2407177063391983,-0.3847492745535398
13209.0,91,8,5891.61,1,1.8695140201977911,0.8742352139706431
13210.0,155,1,353.48,3,-1.153725247068627,-0.13339206538800483
13211.0,12,3,1197.42,2,0.6717976026798824,-0.5578083979010895
13212.0,21,3,788.08,2,0.4292930110494613,-0.6114070181349899
13213.0,58,5,1520.58,2,0.9698975111967005,0.04465647848413802
13216.0,269,1,333.74,3,-1.6541178793523195,0.7197889379961755
13217.0,94,3,533.98,0,-0.06397094799121865,-0.16805468652357197
13218.0,247,1,62.63999999999999,3,-2.378241326819466,0.06614160086466897
13220.0,80,4,819.2900000000001,2,0.4083338583443927,-0.04989319853353971
13221.0,242,2,847.41,3,-0.714138006344022,0.9674525131226759
13223.0,202,2,163.20000000000002,3,-1.3549373606153627,0.1816632652371457
13224.0,34,2,2155.95,2,0.605746249959951,-0.34678986720002003
13225.0,62,7,6463.84,1,1.927270988457322,0.6273062515193136
13226.0,38,1,108.21000000000001,0,-1.2472394016386268,-1.370743427421859
13227.0,203,1,257.7,3,-1.5072533448396566,0.14073468060019279
13228.0,83,1,358.0,0,-0.8492370112484879,-0.6791246846991124
13229.0,227,1,160.95,3,-1.8366916086700267,0.1868289887170177
13230.0,60,14,2806.97,1,2.1018478702171493,0.6495356169733402
13232.0,5,7,1357.6,2,1.3973391988060095,-0.26411404670466493
13233.0,76,2,605.12,0,-0.19161520733474444,-0.39771232136839535
13235.0,36,1,1031.07,0,-0.13594750864674846,-0.7287925752657378
13236.0,26,2,744.85,0,0.11738831096346168,-0.7185673330714275
13238.0,19,4,700.73,2,0.5843680901071889,-0.5610699502356713
13239.0,263,1,329.56,3,-1.6354333543472623,0.6703253660990314
13240.0,175,4,663.65,2,-0.08853498141758082,0.6134984406942785
13242.0,67,3,270.40000000000003,0,-0.2853907137577101,-0.5726692774524634
13243.0,205,1,600.07,3,-1.1015309416882488,0.40267825472591623
13244.0,124,1,121.74000000000001,0,-1.5461445910597422,-0.6802923434150698
13245.0,52,1,430.5,0,-0.6304838020169921,-0.8618652670932346
13246.0,20,6,1987.3,2,1.3999016537254754,-0.09801249230780808
13247.0,19,4,501.12,2,0.4199963886941329,-0.6590088194496577
13248.0,156,2,465.68,0,-0.6514088666426473,0.13627881660942312
13249.0,124,3,711.41,2,-0.04758905295318102,0.14468885412950463
13253.0,187,2,1030.4,3,-0.39038246998008275,0.6048902129529347
13255.0,11,2,399.51,0,-0.12582419406207548,-1.014973825830242
13258.0,13,3,698.58,2,0.4033128427367064,-0.7076823408689294
13259.0,92,1,292.32,0,-0.9857485276627848,-0.6695686265915517
13260.0,92,1,557.62,0,-0.6693873400491736,-0.48106867975331924
13261.0,270,2,944.1,3,-0.7771288398097124,1.2127039444008063
13262.0,265,1,200.29,3,-1.8873183305712302,0.5404416209896107
13263.0,6,35,7454.07,1,3.60700746278866,0.9152191699899921
13265.0,2,5,2107.66,2,1.3621256578109426,-0.2872066734152562
13266.0,13,12,3834.2599999999998,1,2.318575124781422,0.3180182510164514
13267.0,10,19,4521.49,1,2.8065521043362756,0.5362668500863319
13268.0,7,11,3214.69,1,2.1835826471671638,0.18483072797870403
13269.0,2,15,5346.2300000000005,1,2.7175539439527694,0.42430671029576966
13270.0,486,1,590.0,4,-2.2738936974598642,2.542077150590945
13271.0,303,1,217.38,3,-2.004717732327226,0.8542685681159987
13272.0,32,2,276.56,0,-0.39290101177364795,-0.9620204711440652
13273.0,115,1,138.98,0,-1.4443170975388566,-0.7105144526297884
13276.0,154,2,590.9300000000001,0,-0.5263702996075373,0.19058267921466104
13277.0,17,4,258.4,0,0.10393402062421919,-0.8675295575635956
13278.0,42,1,542.73,0,-0.4755257651053047,-0.870529611053707
13279.0,79,1,137.75,0,-1.299518374119138,-0.9878170095892781
13280.0,94,3,814.86,2,0.14327457527959084,-0.044569974591328346
13282.0,20,3,1132.14,2,0.6111504031308047,-0.5131489334836106
13283.0,31,2,93.66,0,-0.9170436818658219,-1.2844238942818011
13284.0,332,1,201.19,3,-2.1626805115897403,1.053031545932943
13285.0,25,4,2709.12,2,1.2230698130652995,-0.11991081755251502
13291.0,157,1,361.11,3,-1.1515521595703146,-0.11189841851480113
13292.0,286,2,578.9399999999999,3,-1.0832406564541703,1.1919016739665065
13294.0,251,2,873.74,3,-0.7364122916890495,1.0450754290706
13295.0,361,1,201.20000000000002,3,-2.2827911122868527,1.2743482816906493
13296.0,139,1,87.4,0,-1.7694564508703032,-0.6618586912366564
13297.0,25,4,2089.85,2,1.0956707891821116,-0.19581996876784702
13298.0,121,1,360.0,0,-1.0039268699431827,-0.38751680054799453
13299.0,270,1,142.5,3,-2.0742209691919906,0.4795750663513157
13300.0,171,1,371.89,3,-1.1951420453344557,0.003520955579547211
13301.0,105,4,618.09,2,0.1665736934833823,0.058542452811561584
13302.0,156,1,63.75,3,-1.992774693185182,-0.6232300027470057
13304.0,353,1,300.42,3,-2.0535850653022565,1.3301225462662334
13305.0,23,10,2000.86,1,1.804838821769352,0.12927696806561856
13307.0,33,1,15.0,0,-2.1697504117787507,-1.9709074353203662
13308.0,24,3,1385.51,2,0.6936801912030943,-0.42357688950424005
13309.0,2,5,1456.79,2,1.1808499846308347,-0.3952175675937462
13310.0,29,3,1132.03,2,0.5738194870430234,-0.44449732693043587
13311.0,4,2,598.57,0,0.10131493168292605,-0.9503316913876128
13313.0,24,5,1555.32,2,1.1218315101540288,-0.2081957725104795
13314.0,75,3,775.94,2,0.1979794562835513,-0.20386371274881296
13316.0,81,4,5977.7300000000005,2,1.3796411482892827,0.5389477977654272
13317.0,200,6,2273.68,2,0.7203172627186993,1.3149609870539134
13318.0,120,3,640.76,2,-0.08230750576609011,0.08360460987879574
13319.0,19,26,10845.550000000001,1,3.47376615342627,0.995308609653288
13320.0,67,4,1548.7,2,0.7745970381610999,0.03704778530495559
13321.0,74,2,567.36,0,-0.2149182489826568,-0.43179599315564915
13322.0,19,1,199.48000000000002,0,-0.8702232144328964,-1.337991913307124
13323.0,23,5,787.85,2,0.7922785674371797,-0.4146552850117618
13324.0,32,10,7121.95,1,2.390866081579644,0.5693489245811819
13325.0,83,1,675.3,0,-0.5382242173553643,-0.49381151288719305
13327.0,114,8,3627.77,1,1.5361527996101993,0.907892656628756
13328.0,318,1,1308.48,3,-1.1872456604713926,1.4928406047438239
13329.0,122,2,789.0,0,-0.25205791902997465,0.030846930357435475
13330.0,124,3,1140.93,2,0.1841166049545053,0.2827478383152038
13332.0,16,1,350.9,0,-0.5814936354188248,-1.1962541815915249
13334.0,84,3,3536.82,2,0.9051372140575018,0.3083823704315091
13336.0,79,1,795.12,0,-0.4415510469324566,-0.4766076643988199
13338.0,218,1,487.02,3,-1.2577050608530151,0.44091626981238646
13339.0,202,1,860.12,3,-0.9125461934890917,0.48498424815583296
13340.0,47,7,10736.48,1,2.2385689555375516,0.6612980459259982
13341.0,262,1,775.85,3,-1.2116765635853106,0.9127162507801865
13343.0,179,1,353.43,3,-1.2532164973783815,0.04971336015194047
13344.0,161,3,2543.72,2,0.4243498951098559,0.7995664340404482
13345.0,289,1,389.5,3,-1.661305775847948,0.9174945102092944
13347.0,72,1,341.36,0,-0.8269754100644474,-0.7769539975977482
13348.0,183,1,233.76,3,-1.472088935798465,-0.04030142856236167
13349.0,12,1,247.32,0,-0.7361305665223079,-1.3287903853989893
13350.0,18,2,979.12,2,0.2846697774799978,-0.6996900728795347
13351.0,245,1,373.94,3,-1.4990007315642624,0.5698275235676546
13352.0,62,1,397.97999999999996,0,-0.7103893884340353,-0.8084818378523059
13354.0,73,1,743.53,0,-0.4495968368010381,-0.5419981676956657
13355.0,94,1,674.7,0,-0.5842284998800276,-0.4101289864646866
13356.0,82,1,768.24,0,-0.4708461351518815,-0.4637645257754094
13357.0,259,1,609.95,3,-1.3172238344415905,0.8195289406449523
13358.0,270,1,439.03,3,-1.523953524209471,0.8074451976668559
13359.0,154,1,439.56,0,-1.04282282915718,-0.07741163483137892
13362.0,11,4,3090.7400000000002,2,1.345762390006288,-0.18819781996096524
13363.0,19,2,992.5,2,0.28718587494954,-0.6880914673317077
13364.0,72,1,134.95999999999998,0,-1.2804957722687738,-1.0471785621545837
13365.0,183,2,2225.37,2,0.004057790118545452,0.7995149422941197
13366.0,52,1,56.160000000000004,0,-1.62317460053217,-1.453347945984477
13368.0,193,2,623.4,3,-0.6617055605376401,0.5038221835017576
13369.0,455,1,308.28000000000003,4,-2.4634867071419153,2.116028464767876
13370.0,639,1,754.87,4,-2.7868750487258342,3.7816346849824565
13372.0,32,1,378.64,0,-0.6105130036640121,-1.0519543034767687
13373.0,62,3,3312.25,2,0.9640679470960313,0.12130829568468654
13375.0,2,1,778.65,0,-0.1328383050185685,-1.0703202615100753
13376.0,205,3,1019.76,3,-0.20651901653703067,0.8680453674492269
13379.0,28,3,572.56,2,0.24363547878104685,-0.6513328521234308
13381.0,32,6,3639.31,2,1.647194924433476,0.17052721593211936
13382.0,252,1,222.99,3,-1.7809897225934672,0.4725037673112136
13384.0,47,7,4151.93,1,1.7720719857616685,0.38334152835738355
13385.0,331,1,534.57,3,-1.6801579005904295,1.330437326323039
13388.0,133,2,677.1,0,-0.3726341387898796,0.07009667945191071
13389.0,13,3,797.96,2,0.4685443566061053,-0.668814940637846
13390.0,76,1,544.08,0,-0.6151557799465195,-0.6103461815119331
13391.0,205,1,59.8,3,-2.2266721991533203,-0.2677234112227644
13394.0,34,8,2520.02,1,1.6886904951697956,0.1908268081620399
13395.0,158,1,307.72,3,-1.2340297425199158,-0.15094225858884988
13396.0,61,2,1360.99,2,0.26811985778260844,-0.27527609640471984
13397.0,74,5,1544.13,2,0.9111586990247704,0.1712483891882553
13398.0,194,1,457.34,3,-1.1890964311755705,0.23940981223899951
13402.0,247,2,621.23,3,-0.8871146750120719,0.9148835774671584
13403.0,19,1,75.0,0,-1.3465688638311393,-1.6218166462508468
13404.0,36,2,252.49,0,-0.4540192424778691,-0.9580393433799324
13405.0,76,3,572.451,2,0.04469818967034672,-0.28509506231862525
13408.0,4,62,28117.04,1,4.779838575699029,1.5390060633689178
13410.0,26,5,1003.06,2,0.8983162932768034,-0.32117574326940707
13411.0,109,1,213.55,0,-1.209745984659108,-0.6313446398679737
13414.0,135,3,1390.5,2,0.23561778264875002,0.4245278014250125
13416.0,45,2,712.5,0,0.016903408021835552,-0.5865510614280806
13417.0,207,2,640.83,3,-0.7061809529642554,0.6187139392745907
13418.0,13,18,6127.43,1,2.896368359497399,0.6251067617343535
13419.0,154,1,221.06,3,-1.3792664205997365,-0.2778774365290374
13420.0,151,2,159.85,0,-1.1537884195910435,-0.21355499768001635
13421.0,42,2,1851.08,2,0.49777079764546994,-0.33033036371175956
13422.0,184,1,2626.3,2,-0.2901823168695344,0.6740226038103739
13425.0,110,3,1624.21,2,0.41542600694334264,0.279178843516029
13426.0,12,10,3641.32,1,2.144344769082817,0.22047382121224332
13427.0,21,3,582.6,2,0.28115552730162485,-0.6996729271798177
13428.0,12,1,218.47,0,-0.7967811967986713,-1.3649283221321231
13429.0,12,4,1006.8,2,0.791128215210801,-0.5085703942379364
13430.0,20,2,679.45,0,0.09717662199466966,-0.7912067386464815
13431.0,2,2,1269.1,2,0.47822915000008775,-0.7459508005771955
13434.0,76,2,534.24,0,-0.25268819928505876,-0.434101917142535
13435.0,26,7,3809.8900000000003,1,1.8168565782713344,0.1979380683052824
13436.0,121,1,196.89,0,-1.2991523102690177,-0.5634232707016025
13437.0,16,7,3408.06,1,1.803562401932486,0.08902269958295825
13439.0,257,1,283.71,3,-1.683905610360941,0.5808472470719157
13441.0,93,1,296.64,0,-0.9827111454632992,-0.6576594199089171
13447.0,25,3,1129.14,2,0.5891356078049077,-0.4757690820763137
13448.0,18,6,3539.37,2,1.691520378543366,0.05554612124592296
13449.0,25,1,291.88,0,-0.7089327272292436,-1.1812924301736534
13450.0,28,6,2043.7199999999998,2,1.3805020455783188,-0.0287761547121837
13451.0,5,5,2976.15,2,1.5190807737647614,-0.16338862712350735
13452.0,261,2,590.0,3,-0.9703987823527876,1.0066516348073544
13453.0,167,2,356.97999999999996,3,-0.8271973225904093,0.14263102961631038
13455.0,26,2,1058.34,2,0.2896995543327637,-0.6158977848257889
13456.0,19,6,1766.72,2,1.346297537228909,-0.1400512695571851
13458.0,7,14,9646.57,1,2.9275267067220536,0.6062370195617565
13460.0,51,2,183.44,0,-0.6723238951728039,-0.9366222080434762
13461.0,140,3,1445.0,2,0.23377187519017975,0.47392503814893283
13462.0,341,1,151.5,3,-2.3384716780300794,1.0391833046775347
13464.0,1,1,674.68,0,-0.19898287604257223,-1.119831115310879
13466.0,127,1,307.9,0,-1.1053234428556569,-0.3873361914284203
13467.0,12,2,1083.71,2,0.3593180783485754,-0.7158083129592226
13468.0,1,37,5704.97,1,3.54593935165242,0.8230378590026678
13470.0,117,2,165.0,0,-0.997463733123828,-0.4637911111881104
13471.0,23,4,2531.58,2,1.1980816522481357,-0.15499854699998966
13473.0,40,2,422.64,0,-0.21838682430210943,-0.777242968587435
13474.0,238,1,229.59,3,-1.7087324692289145,0.3741654938077177
13475.0,189,4,1431.78,2,0.23067875084944128,0.945089916137289
13476.0,180,2,1238.47,2,-0.2711388257491664,0.6052441435140853
13477.0,6,6,1454.58,2,1.3047396099028237,-0.2961055077173383
13479.0,202,2,300.95,3,-1.0557785025669313,0.3599134142636108
13481.0,47,5,1804.56,2,1.099501564219766,0.010785853494635535
13482.0,234,1,184.64,3,-1.7986455958435046,0.28019417780256317
13483.0,215,1,140.34,3,-1.8538271164895292,0.055425970335128
13484.0,7,1,313.8,0,-0.5989222241890041,-1.2975335698029873
13485.0,235,1,454.24,3,-1.3622750806327135,0.5502996352706763
13486.0,80,3,1122.41,2,0.3583604022817934,-0.05780558824970976
13487.0,59,3,575.4,2,0.11764106021727651,-0.4133230780767586
13488.0,10,13,8968.31,1,2.8161011895239194,0.5769036916355698
13489.0,107,4,449.52,2,0.0021972472046798996,-0.019200404324201815
13491.0,40,10,1215.82,2,1.4899339427234812,0.1133348784989861
13492.0,97,3,1269.84,2,0.34849220932291197,0.1080047032037189
13493.0,99,2,618.63,0,-0.27606880320942345,-0.21574631285890017
13494.0,343,1,316.26000000000005,3,-1.9870072184341385,1.2687979463166068
13495.0,234,5,2044.8700000000001,2,0.38620119569267375,1.4743660171220694
13496.0,12,2,653.33,0,0.11109487114044507,-0.8637090770058393
13497.0,311,2,348.05,3,-1.4361350068153365,1.234119379245874
13499.0,19,5,1159.11,2,0.9982583713990791,-0.3323224149560172
13500.0,25,3,1166.77,2,0.6052208991839789,-0.46618485781446894
13501.0,289,1,1340.32,3,-1.0553128399691574,1.278567994157051
13502.0,18,3,292.0,0,-0.044797253841731034,-0.9241861666598051
13503.0,73,1,216.85,0,-1.0531170884310113,-0.9015983329567474
13504.0,184,1,295.93,3,-1.3608589958442983,0.03607299124862408
13505.0,74,4,4393.63,2,1.2574702888890423,0.39545784708527026
13506.0,318,2,458.52,3,-1.3301000765254727,1.3679949337909196
13507.0,109,4,2479.16,2,0.831548241662341,0.49515708802815933
13508.0,68,1,110.97,0,-1.3592601409293472,-1.1345070270012354
13509.0,38,7,979.72,2,1.100577239050422,-0.10765518558102789
13510.0,47,4,1791.56,2,0.9289428789538773,-0.07297552447236946
13512.0,262,1,251.21,3,-1.7641427727071837,0.5835360127271404
13513.0,217,1,205.1,3,-1.6768774268257147,0.1810581193592403
13514.0,75,1,152.20000000000002,0,-1.234295755038155,-0.9893525877059997
13515.0,74,4,891.12,2,0.474412573944126,-0.07111752125183446
13516.0,23,3,1389.41,2,0.6992021742209141,-0.4303861030410602
13517.0,31,3,2128.42,2,0.875388054368278,-0.24461254283620854
13518.0,87,1,659.4399999999999,0,-0.566448292124402,-0.4702308043658792
13519.0,79,1,122.75,0,-1.3557038711066247,-1.0212944512284092
13520.0,1,6,3624.35,2,1.773592675540019,-0.0672422373487716
13521.0,12,3,1093.65,2,0.6273201265313653,-0.5843097584274447
13522.0,91,1,125.80000000000001,0,-1.3934580367494034,-0.9225967738766748
13523.0,48,5,3964.88,2,1.481774633893826,0.24865800925883486
13524.0,42,5,680.1800000000001,2,0.6415026035250987,-0.31260432735297133
13525.0,16,2,628.78,0,0.07574473604136125,-0.844374344432183
13527.0,32,7,2287.51,2,1.5415651989732757,0.094505582511449
13529.0,80,2,307.76,0,-0.5394308099755636,-0.5645563184445276
13531.0,207,2,483.8,3,-0.8439737481437241,0.5366117864727602
13532.0,183,1,210.31,3,-1.5237697432979638,-0.07109480602973507
13533.0,66,3,270.79,0,-0.28054294841913696,-0.5798802153526738
13534.0,55,25,5870.08,1,2.9886286391334136,1.0735222684906598
13536.0,11,7,3448.29,1,1.8300366639268246,0.05429996688313935
13538.0,33,7,1280.85,2,1.2527899509318496,-0.06745819978432177
13539.0,87,3,631.34,2,0.04713591352560269,-0.17254895848881482
13544.0,41,2,291.41,0,-0.40458886860589244,-0.8780897611619894
13546.0,14,3,626.99,2,0.3461544578957849,-0.7316400462199606
13548.0,68,2,682.41,0,-0.09953570297703605,-0.4236432311546199
13549.0,4,7,918.2,2,1.2096107835706298,-0.38606914799079534
13551.0,321,1,91.80000000000001,3,-2.499552025982729,0.7412171557093343
13552.0,88,12,3740.07,1,1.995670279935276,0.8830758178135174
13555.0,75,4,4149.28,2,1.2252337973067746,0.38634954721852377
13557.0,30,2,584.06,0,-0.018423031973157714,-0.7590911832762907
13558.0,25,4,605.06,2,0.4875340321184457,-0.5581708223652371
13560.0,302,1,174.37,3,-2.108289619819769,0.7824571052618684
13561.0,128,1,141.85999999999999,0,-1.488169388551808,-0.6053508491198435
13562.0,83,3,1799.33,2,0.5775301632596611,0.10308229384603208
13563.0,86,2,777.53,0,-0.11010731503665624,-0.24815264375044435
13564.0,146,3,1749.02,2,0.30262869590961716,0.575549050900689
13565.0,21,2,240.22,0,-0.4162458121693471,-1.0870238009886855
13566.0,42,2,874.71,2,0.12993168779935982,-0.5495028013108378
13568.0,175,1,192.85,3,-1.5329812517517856,-0.15737872774574133
13569.0,19,2,373.75,0,-0.19161215466994722,-0.9733774210554468
13570.0,68,1,239.49,0,-0.9838494899486806,-0.9108231791621292
13571.0,14,12,2092.32,1,2.0170859628446336,0.14847903852502461
13572.0,207,1,1384.25,3,-0.6997950906998125,0.6622464904719338
13573.0,52,2,294.4,0,-0.4451612235408631,-0.791170687078217
13575.0,1,5,732.0699999999999,2,0.8474014784896546,-0.6039982039469474
13576.0,12,18,6717.34,1,2.9456431140192403,0.6443671023193444
13577.0,7,4,1687.6000000000001,2,1.0653061574649654,-0.3957019166732418
13579.0,16,2,467.04,0,-0.07001828864819092,-0.9312254610695337
13581.0,284,1,118.0,3,-2.224154376421628,0.5316309529899289
13583.0,157,1,781.03,0,-0.7734417354640538,0.11339405614255857
13584.0,192,1,142.4,3,-1.7514418854833955,-0.1158556925550489
13587.0,154,1,712.4,0,-0.8061207858145324,0.0636243845462092
13588.0,17,9,2478.95,1,1.8475604635694323,0.1034741431905218
13589.0,16,2,379.65,0,-0.17151304047221463,-0.9916998683996602
13590.0,4,6,1981.92,2,1.4648523715911923,-0.22090311493080647
13591.0,184,3,1117.13,2,-0.07478170408575037,0.7344516227736299
13592.0,67,4,247.95999999999998,0,-0.12336849740005718,-0.49799400345763195
13593.0,110,5,2037.0800000000002,2,0.8980079398233264,0.5269917765280345
13594.0,54,1,396.97,0,-0.6784934717952394,-0.8702724027723482
13596.0,14,2,697.04,0,0.13456568344457656,-0.8295254411236949
13598.0,49,1,180.17000000000002,0,-1.0442373794410131,-1.138693537870531
13599.0,7,21,5153.67,1,2.9705398958296354,0.5943401876152424
13600.0,314,1,219.52,3,-2.045497185722377,0.9410642451135841
13601.0,6,2,693.32,0,0.165082236560033,-0.8921378829395138
13602.0,184,1,428.89,3,-1.1791404320063736,0.14434777641223567
13603.0,28,1,164.34,0,-1.0021441949012013,-1.325700640465083
13606.0,60,3,280.53999999999996,0,-0.23837916055398475,-0.6153539554556147
13607.0,42,1,678.01,0,-0.3664144370500988,-0.8055169598716807
13610.0,14,7,1131.88,2,1.2708294315498507,-0.24859856861003213
13611.0,32,3,1171.8,2,0.5783335683944867,-0.41150940785898577
13614.0,26,4,1610.46,2,0.963634240858779,-0.26439291261336045
13615.0,320,1,417.69,3,-1.7554956432398605,1.1744546373328788
13617.0,5,3,544.18,2,0.3139938817648217,-0.841697309035058
13618.0,175,1,177.34,3,-1.5739344275812426,-0.18178017700359994
13621.0,118,1,213.85,0,-1.2463430299114093,-0.5622557653473924
13623.0,91,5,747.78,2,0.4849820957670889,0.08900640279564949
13626.0,341,1,257.23,3,-2.0798227184539972,1.1932961258413088
13627.0,31,5,1638.47,2,1.1183940283005596,-0.13954801668793249
13629.0,25,11,7792.36,1,2.543741647057643,0.5812166191685344
13630.0,77,7,2031.78,2,1.2969567719217634,0.4032325241281464
13631.0,145,11,3070.42,1,1.5893644017383401,1.2244929575577461
13632.0,26,5,2121.27,2,1.2658631398395026,-0.10217744717549034
13634.0,37,5,1575.16,2,1.0741987656989882,-0.10528470597649432
13635.0,276,1,1071.03,3,-1.1115120619631806,1.113789919525782
13636.0,94,5,949.12,2,0.5895034446111862,0.18158242983950537
13637.0,54,3,810.5,2,0.3063464338838987,-0.351382385795753
13638.0,17,1,122.64,0,-1.0993004810020057,-1.494683641888306
13639.0,76,1,1033.34,0,-0.3005718603014603,-0.4229051980696736
13642.0,128,1,354.8,0,-1.0400502254007737,-0.33834452300144674
13643.0,122,3,519.44,0,-0.193495050958293,0.037553709341180457
13644.0,18,4,2624.26,2,1.2364449339343346,-0.18263735263284
13645.0,33,1,252.1,0,-0.8137615098119244,-1.1629580219866336
13647.0,11,4,1678.1200000000001,2,1.045971036345761,-0.3668248337670664
13649.0,258,2,346.6,3,-1.2186224334224063,0.8284523474186604
13650.0,2,6,1836.34,2,1.4356913103918034,-0.2584772160667428
13651.0,41,2,94.2,0,-0.9556759946697533,-1.206448289431096
13652.0,47,3,1095.08,2,0.48297085914991705,-0.3168388182053487
13654.0,37,6,2707.33,2,1.4812494388880888,0.12214772479989942
13655.0,7,2,932.97,2,0.30655269032590227,-0.7977450225958387
13656.0,166,2,379.65,3,-0.7929003948596997,0.1529670151779255
13657.0,12,2,382.14,0,-0.15174075161802855,-1.0203164702543353
13658.0,11,5,2639.17,2,1.4352342943819314,-0.15275100928456892
13659.0,207,2,1573.2,3,-0.26558752498640775,0.8812361480751675
13662.0,36,3,897.76,2,0.4310684956454779,-0.4588578229765709
13663.0,181,1,189.47,3,-1.5664749570835237,-0.11673902493745192
13666.0,62,3,84.65,0,-0.8310610952814869,-0.9482974028158925
13667.0,151,1,305.02,0,-1.2093455055313387,-0.20693039505776004
13668.0,12,21,6363.59,1,3.053371177032651,0.6941912922156946
13669.0,52,2,218.55,0,-0.590891631861662,-0.8780023696509076
13670.0,77,1,349.7,0,-0.8358686591416813,-0.7317558332394666
13672.0,39,2,186.39000000000001,0,-0.6148204284513682,-1.023552505738115
13673.0,20,2,396.92,0,-0.16629349088198886,-0.9481921850766886
13675.0,34,2,486.82000000000005,0,-0.12425732099634386,-0.781753572308646
13678.0,34,1,232.6,0,-0.8572767485453139,-1.1787866254861536
13680.0,41,4,3722.42,2,1.312782295788237,0.09513398273275546
13681.0,19,4,827.83,2,0.6661176406027505,-0.5123604797765974
13682.0,219,1,59.5,3,-2.2870974793517798,-0.1623352011274133
13684.0,287,1,67.23,3,-2.509744231058353,0.3917639876685293
13685.0,47,7,3119.44,2,1.6316994806001828,0.29970228689389894
13686.0,66,1,72.0,0,-1.561048244601528,-1.2749388414186935
13689.0,154,1,910.0,0,-0.6860495776536538,0.13516734632940797
13690.0,31,1,172.25,0,-0.9916225974562815,-1.2891332163576692
13692.0,26,3,1488.32,2,0.7205224397969202,-0.3873844245170788
13694.0,27,50,65039.62,1,4.902822279283416,1.8652751902717033
13695.0,3,15,2504.13,1,2.341050113703326,0.2100709245752232
13697.0,334,1,151.29999999999998,3,-2.3101180734111746,0.9853815160614197
13699.0,157,1,308.58000000000004,3,-1.228521041607058,-0.15775938610556797
13700.0,7,10,2265.12,1,1.9320112463251744,0.04346038885402
13703.0,320,1,99.5,3,-2.456264322290418,0.7569101852357304
13704.0,1,9,2308.06,1,1.878779171039585,-0.039515285528995636
13705.0,146,3,711.86,2,-0.13841576312935214,0.31275810075517935
13706.0,70,1,330.79,0,-0.8340910333785019,-0.801392594025419
13707.0,268,2,806.41,3,-0.8461698995662394,1.1513678335675528
13708.0,273,1,296.88,3,-1.7279801451840682,0.7161766881966314
13709.0,51,13,6328.05,1,2.4750334192681036,0.7877588341048517
13710.0,122,1,180.48,0,-1.3458063100980353,-0.5811220666356839
13711.0,220,2,252.06,3,-1.2170881458436764,0.4455885881992052
13712.0,160,1,228.84,3,-1.387210923212122,-0.22201455356174815
13715.0,224,5,1079.34,2,0.11404439167569765,1.2112105157089776
13716.0,271,1,138.28,3,-2.0930218954846795,0.47847218384290957
13717.0,58,6,1445.01,2,1.0860859136772345,0.09878218039347435
13718.0,160,2,306.55,3,-0.8727657034949404,0.04478372945545117
13719.0,17,5,1041.68,2,0.9541344259551364,-0.3788119677815898
13720.0,118,4,799.9,2,0.23916801073832844,0.23308934456102373
13721.0,275,1,524.14,3,-1.4578313626863153,0.8973403775373313
13722.0,133,3,2375.41,2,0.5067372392054529,0.5658721765425926
13723.0,189,1,199.85000000000002,3,-1.5735567146727212,-0.040163246644783136
13725.0,51,8,1980.56,2,1.5000229475274285,0.2501016895457877
13726.0,102,2,1079.6599999999999,2,-0.015351347656721259,-0.03010274477751608
13727.0,30,2,333.48,0,-0.2930083979857502,-0.9226995174286668
13728.0,109,6,1016.14,2,0.702043101754311,0.3850253658003947
13730.0,137,2,752.6,0,-0.3373618535566593,0.13151091798091094
13731.0,160,2,610.59,3,-0.5351801280780468,0.24592996834604233
13732.0,30,1,491.86,0,-0.47405314706239465,-0.9908452050828089
13735.0,26,4,2885.2400000000002,2,1.2498469378502381,-0.09385657541509931
13736.0,243,2,731.9,3,-0.7901535780280297,0.9322589834777313
13737.0,202,1,339.59999999999997,3,-1.3680422053152936,0.21358251691965943
13739.0,20,1,216.9,0,-0.8334475238373732,-1.305980147941367
13740.0,242,1,350.75,3,-1.5179266237132518,0.5282525031843512
13741.0,73,3,668.4300000000001,2,0.13312375137523869,-0.26270603105227247
13742.0,18,12,3131.02,1,2.1983879815063325,0.2969033088335529
13743.0,2,7,1341.6,2,1.403949166827994,-0.2904738369233372
13744.0,216,2,1156.36,3,-0.45393206934452895,0.8599081300241547
13745.0,164,1,300.04,3,-1.2712565030959129,-0.11252685111967912
13747.0,698,1,79.6,4,-4.130523377353944,3.57690400926543
13748.0,160,5,948.25,2,0.3156431266854402,0.6849678019255635
13750.0,55,5,1647.26,2,1.0215979787220903,0.045163311265004405
13751.0,290,1,296.25,3,-1.7994437686376357,0.845286095254888
13752.0,97,6,1186.28,2,0.8277107014194447,0.33870983356761275
13753.0,289,1,741.26,3,-1.3458941927115813,1.1054286468265317
13754.0,34,2,282.59999999999997,0,-0.39061420684469017,-0.9404590671297504
13755.0,11,9,2161.35,1,1.8051159446585456,0.017587577640626625
13756.0,24,14,5189.52,1,2.5526913049494286,0.5545860605437356
13758.0,13,7,3190.55,1,1.783612796527642,0.046837712168737416
13759.0,73,2,659.4100000000001,0,-0.1370605633180647,-0.3955048624110582
13760.0,56,2,286.79,0,-0.47454860491162093,-0.7682831205767411
13761.0,52,2,1070.65,2,0.18766616525801746,-0.4141082223486334
13762.0,220,1,306.72,3,-1.4924631523636296,0.3212373696219157
13763.0,154,1,1714.96,0,-0.3751002831461565,0.32044268280853844
13764.0,72,3,1521.76,2,0.5408681701258691,-0.029855922518962914
13767.0,27,37,17220.36,1,3.9807059033011356,1.344673104992441
13769.0,94,10,2796.51,1,1.6750593836818553,0.7690082694608598
13771.0,184,4,2634.45,2,0.5506787381066669,1.0852608991460002
13772.0,183,3,1132.13,2,-0.06409485585397356,0.7307198310457284
13774.0,83,1,345.0,0,-0.8673500939368761,-0.6899171436274425
13777.0,26,33,25977.16,1,4.084852541111736,1.407526113211215
13778.0,105,1,178.7,0,-1.2802228932607815,-0.7137351229340201
13780.0,172,2,360.01,3,-0.8437710835647487,0.183252854837621
13781.0,282,1,127.84,3,-2.1768533722806254,0.5396158389109278
13782.0,14,6,912.0,2,1.0425440161213302,-0.3715361905291175
13784.0,11,11,2462.79,1,2.036215505177238,0.13742149615148466
13786.0,517,1,230.39999999999998,4,-2.8627909141098455,2.5042719503396587
13787.0,77,2,309.04,0,-0.5249714115063941,-0.586239121472812
13790.0,213,1,348.8,3,-1.4005217563043408,0.3053235893183516
13791.0,170,2,1516.0,2,-0.13048835796973215,0.5880548093638934
13792.0,245,2,195.55,3,-1.4447553186629214,0.5624213765973792
13798.0,2,57,37153.85,1,4.849234251590236,1.568257952658375
13799.0,118,2,688.86,0,-0.302051689131891,-0.03933892499365837
13800.0,284,1,558.32,3,-1.4641481630265172,0.98447136588115
13801.0,245,1,324.8,3,-1.5679898459005874,0.5287212030265364
13802.0,140,3,4599.42,2,0.8021303016146393,0.812574459635245
13803.0,257,1,277.07,3,-1.695494410722051,0.5739422020236712
13804.0,80,7,2635.79,2,1.4122893523378048,0.5022502913612453
13805.0,54,2,924.6,2,0.1074304796272914,-0.44171683568315245
13806.0,154,1,256.38,3,-1.306778965931525,-0.2346866726604775
13807.0,517,1,112.6,4,-3.2121821654161637,2.2960914437680904
13808.0,48,5,1747.66,2,1.0796338617926666,0.009047345465470953
13809.0,162,1,155.05,3,-1.585648591373343,-0.32005237343466536
13810.0,30,3,1499.01,2,0.7074644345761832,-0.3547671988263731
13811.0,96,3,814.5,2,0.13477266929024478,-0.029436892110049278
13812.0,44,3,539.0,2,0.14774481794711736,-0.5468774163470858
13813.0,32,4,1366.8600000000001,2,0.858292876137235,-0.266562759477046
13814.0,124,2,1579.12,2,0.08009015078341955,0.24895213724383553
13815.0,24,4,4027.36,2,1.4218630077138068,-0.011561741943445345
13816.0,25,2,571.6700000000001,0,-0.008221736564903357,-0.8035099642161471
13817.0,60,2,382.98,0,-0.34950921828801446,-0.6533822518844458
13819.0,39,3,1140.35,2,0.5359866131366041,-0.36604538618398386
13821.0,146,2,385.64,0,-0.7023810494055913,0.0049134682878726405
13822.0,42,2,632.0,0,-0.02945792276789582,-0.6444731525891677
13823.0,20,2,957.66,2,0.265512653208692,-0.6909057719755717
13824.0,7,5,1698.94,2,1.2356031646907608,-0.312096456368003
13826.0,178,1,189.5,3,-1.5539698672864348,-0.1395862789009839
13827.0,59,3,412.05,0,-0.04600561597044152,-0.510829949872024
13828.0,24,1,209.49,0,-0.8670085468102824,-1.2855793947751863
13831.0,18,6,2202.99,2,1.458763605038258,-0.08313915732098454
13832.0,21,1,52.199999999999996,0,-1.530012646477583,-1.710920542706186
13833.0,279,1,384.8,3,-1.625826466719594,0.8376402266568487
13835.0,27,4,834.57,2,0.6369543285634731,-0.44894172580585445
13837.0,6,2,271.24,0,-0.2946979344171761,-1.1660922780416407
13838.0,119,4,691.73,2,0.16377069867984023,0.19826419735711667
13841.0,341,1,85.0,3,-2.6197751120345227,0.8715720918254294
13842.0,1,9,3385.62,1,2.0668616976053915,0.07255138904094657
13844.0,13,1,361.62,0,-0.5543291324889341,-1.2103668034181088
13845.0,184,1,312.98,3,-1.33344017009254,0.052410163439562014
13846.0,26,3,865.0600000000001,2,0.4542937091286619,-0.5460135596405357
13848.0,124,3,1255.0,2,0.2308741561066737,0.310607753663715
13849.0,53,2,1537.95,2,0.3612485775857619,-0.30058184399206617
13850.0,306,1,1595.48,3,-1.0402153187428165,1.4592538012582483
13851.0,216,3,2651.46,2,0.21687173634961612,1.231411188426907
13853.0,59,1,1090.14,0,-0.20389467648530873,-0.536991413364741
13854.0,2,25,8109.5199999999995,1,3.3668673681122456,0.763621951954891
13856.0,96,3,388.5,0,-0.2281103517069766,-0.24565630474551514
13858.0,59,1,216.17,0,-0.9966562201403761,-1.0093486894313894
13859.0,328,1,201.16,3,-2.146183052800889,1.0224636766112427
13860.0,16,5,1245.9,2,1.0461159441549959,-0.3341053240528281
13862.0,20,8,2209.36,2,1.6821046190590656,0.04551081963996746
13863.0,190,1,305.78,3,-1.3696881148143012,0.09140878637166504
13865.0,1,4,501.56,2,0.4949930152025266,-0.7961125494448946
13866.0,76,1,145.67000000000002,0,-1.2598296644077558,-0.9944672358852653
13867.0,76,3,1015.29,2,0.3257188692473645,-0.11765232523606693
13868.0,302,2,3192.54,3,-0.31174596983206126,1.8131780671967692
13869.0,125,4,3104.95,2,0.8757599255202329,0.6830907934542413
13870.0,42,8,2770.94,1,1.7021461142143373,0.2796395312988557
13871.0,24,13,6403.25,1,2.592683715063246,0.5851749949914029
13873.0,3,3,389.6,0,0.15853475005442133,-0.9545245717761847
13874.0,359,1,540.45,3,-1.7907879602148926,1.5473035069764594
13875.0,39,5,1786.79,2,1.127785086141639,-0.05315711266411486
13876.0,154,1,122.7,3,-1.6665960076006767,-0.44907925898798895
13877.0,88,1,117.24,0,-1.4153546488081683,-0.9659418614078734
13878.0,56,1,1281.53,0,-0.11210145405889999,-0.5125958026195223
13880.0,23,13,3219.77,1,2.259281519911636,0.3764219524752896
13881.0,13,20,17159.52,1,3.4937062163905357,0.9712170103550827
13882.0,13,5,1191.13,2,1.0364846050798349,-0.37014229859201997
13883.0,12,5,2674.48,2,1.4376160527133515,-0.1412324480701995
13884.0,32,5,787.6,2,0.754839667504545,-0.3460680193126841
13885.0,202,2,506.8,3,-0.8004983229705481,0.5120189890522115
13886.0,73,1,243.56,0,-0.996320887834983,-0.8677570110369395
13887.0,205,1,349.55,3,-1.366329292478291,0.24490139396972946
13888.0,3,2,605.63,0,0.11120634105393025,-0.9545374356382612
13889.0,124,1,416.90000000000003,0,-0.9444769778281791,-0.32179605009935874
13890.0,24,10,1883.8100000000002,1,1.7711083490293507,0.11927849778658345
13892.0,28,4,632.97,2,0.4972163439752663,-0.5221034763171208
13893.0,299,1,821.1,3,-1.3371493079369885,1.2116333757751137
13894.0,25,3,564.62,2,0.24921742775642428,-0.6783051749258119
13895.0,30,4,2593.07,2,1.180864532285737,-0.09456122011967998
13897.0,52,1,311.16,0,-0.7894741927448575,-0.9565977481098251
13898.0,327,1,155.93,3,-2.2664131107035717,0.9407266465267579
13899.0,18,2,388.52,0,-0.16848605589455595,-0.9696974373886922
13900.0,95,3,740.95,2,0.09249787096745331,-0.06472523360092139
13901.0,74,5,2867.2,2,1.214933957830057,0.3522491641806147
13904.0,296,2,332.64,3,-1.3961701556940338,1.106440652943244
13908.0,81,4,2369.55,2,0.9253428617379275,0.2682597164947834
13911.0,59,9,2580.91,1,1.6933584299820357,0.4357703704661091
13914.0,13,2,626.45,0,0.08635223502904776,-0.8683522546857334
13917.0,51,2,272.04,0,-0.4796731551574621,-0.8218336193257252
13918.0,51,2,1212.8400000000001,2,0.25299303454315325,-0.3852834253827993
13919.0,31,2,384.81,0,-0.22703942836777619,-0.873293293579315
13922.0,353,1,172.25,3,-2.325534118208082,1.1680850270555478
13923.0,55,1,351.13,0,-0.7427334801636846,-0.8984496069453932
13924.0,19,6,1838.8500000000001,2,1.3659378297039504,-0.1283488413441696
13925.0,64,4,678.25,2,0.38196233581943667,-0.2271970618850902
13926.0,25,1,223.85000000000002,0,-0.8387416271947631,-1.2586374765973478
13927.0,76,1,348.99,0,-0.8327213022482945,-0.7399799387280867
13928.0,12,4,464.57,2,0.4118797031230753,-0.7345409847084955
13929.0,171,2,842.65,3,-0.42277766087992213,0.4239972204259575
13930.0,59,2,337.34,0,-0.40750844012057735,-0.6980397989280355
13931.0,216,2,1237.53,3,-0.42064436731722304,0.8797422004101141
13932.0,296,1,307.4,3,-1.8062154034238618,0.9018478171807333
13933.0,111,2,608.7900000000001,0,-0.3336410668033408,-0.12885700693984323
13934.0,265,1,922.1,3,-1.1393964801406444,0.9860817139124766
13936.0,181,1,376.58,3,-1.2304297674786429,0.08348939389479053
13937.0,171,1,158.85,3,-1.611116557936775,-0.24433237340518468
13938.0,244,1,71.66,3,-2.3007205052251467,0.08203317602196777
13939.0,25,3,568.55,2,0.25261776728485985,-0.676279124179268
13940.0,19,4,839.14,2,0.6727735841007612,-0.5083946171971913
13941.0,23,5,5112.96,2,1.7101963724418818,0.13227481962730997
13946.0,81,3,561.5699999999999,2,0.014577552381886096,-0.2525449777691028
13947.0,215,1,90.6,3,-2.066829980552264,-0.0714891827374903
13948.0,362,1,102.0,3,-2.618186141730283,1.0846066724680785
13949.0,26,6,2427.32,2,1.4732242109564377,0.006272374960792587
13950.0,13,4,745.06,2,0.6393062860852798,-0.5889322154028188
13951.0,178,3,674.45,3,-0.2974509201514649,0.5411803742640984
13952.0,189,2,3251.071,2,0.1652849712432887,0.956176705274246
13953.0,54,7,3515.68,1,1.6614076504138018,0.38809947413151463
13954.0,72,2,439.92,0,-0.33131606760553356,-0.5213490499299471
13955.0,126,2,322.96,0,-0.7063900065676039,-0.19946361232089266
13956.0,56,5,1026.42,2,0.7853333568412113,-0.08551265625686727
13959.0,81,3,598.2,2,0.045555285842576766,-0.23408727391941
13960.0,23,2,230.22,0,-0.4453234962507623,-1.0841505443911281
13962.0,23,2,169.55,0,-0.5947816303449808,-1.1732033468028784
13963.0,253,4,664.54,3,-0.41099925451218905,1.209116775657138
13967.0,147,1,80.7,3,-1.8413036310388797,-0.6238725983768266
13969.0,18,18,9053.94,1,3.0673622036248345,0.7774884518650156
13971.0,20,8,2758.26,1,1.7910313349222802,0.11041347190386301
13972.0,72,2,190.25,0,-0.7415126338227657,-0.7657596601834756
13973.0,289,1,264.7,3,-1.8504039981126974,0.8048226457717241
13974.0,51,1,413.59000000000003,0,-0.6459736373051985,-0.8811941157456555
13975.0,122,6,2526.28,2,1.0951522875138553,0.7505471243776118
13976.0,208,1,357.98,3,-1.3670871659703756,0.2747480831853982
13978.0,16,2,196.79000000000002,0,-0.4930155032687695,-1.1832631812151668
13979.0,75,1,869.87,0,-0.38090915531100417,-0.48087261298325057
13980.0,62,1,200.14,0,-1.0467402026260115,-1.0088923593591985
13982.0,41,4,1871.81,2,0.9753056552314605,-0.10594734865291755
13983.0,1,12,2603.43,1,2.1782237527931523,0.11319856600538347
13984.0,28,5,920.51,2,0.8478990445116598,-0.3310174054606448
13985.0,1,15,7060.13,1,2.8582318374452824,0.49802849403940236
13986.0,19,1,320.46,0,-0.6383519991307418,-1.1998342837714964
13988.0,21,6,4147.96,2,1.756992107690029,0.12485490968650946
13989.0,215,2,1266.08,3,-0.4053099746881805,0.8787795912055848
13990.0,67,1,311.3,0,-0.8513927307150014,-0.8419998577818154
13991.0,14,6,855.97,2,1.0114419849580598,-0.39006795564563357
13992.0,91,1,76.8,0,-1.633339372350758,-1.065527135686943
13993.0,32,9,3466.36,1,1.950012218414488,0.3160100634367022
13994.0,41,6,2313.14,2,1.3874339476377218,0.10664658951780781
13995.0,17,5,1393.69,2,1.0969809097846415,-0.29369863636757026
13999.0,12,12,3901.81,1,2.3312918879081774,0.3154959592675957
14000.0,6,1,635.66,0,-0.24890755515551866,-1.0990810270227724
14001.0,47,3,2043.0800000000002,2,0.7890203570091504,-0.13448296567013346
14002.0,136,2,529.73,0,-0.5053986388204206,0.02128883372764657
14004.0,45,7,4582.64,1,1.8288173406198605,0.3969537152173527
14005.0,11,5,2874.72,2,1.4772025212497797,-0.12774475427219237
14006.0,7,3,962.19,2,0.585203660943044,-0.6599014377905892
14009.0,200,2,695.61,3,-0.6369617064677313,0.5892614438810366
14012.0,161,1,328.8,3,-1.2140203267632943,-0.10872163390756891
14013.0,99,3,473.02,0,-0.1440955548319743,-0.16529885604613995
14014.0,79,1,505.18,0,-0.6639437636116953,-0.6091176463832312
14015.0,54,1,917.34,0,-0.26785046454557965,-0.6255957860863813
14016.0,209,4,4341.21,2,0.6923286657575456,1.4221467677914723
14019.0,48,3,1421.61,2,0.6068808407538157,-0.23290915056225414
14020.0,2,2,642.8,0,0.14455344166391373,-0.9447673929570385
14021.0,6,3,631.9,2,0.383119799313991,-0.7904100563474651
14022.0,227,1,440.0,3,-1.344741123076835,0.4799516725736057
14023.0,282,2,584.07,3,-1.0623453936181029,1.1639541824331134
14024.0,64,2,327.7,0,-0.44241664286744975,-0.6683423267397278
14027.0,62,1,104.82,0,-1.3621468889897637,-1.1968235782943255
14029.0,146,2,467.66,0,-0.6079038958282881,0.06120652547698708
14030.0,20,8,2360.09,1,1.7145006708694241,0.06481361114256985
14031.0,23,19,17286.86,1,3.4112183296799374,1.0278422848925235
14032.0,7,11,2975.59,1,2.1456394547540913,0.162222740549246
14034.0,24,3,651.8199999999999,2,0.3237716325645538,-0.6439823828719483
14035.0,30,5,1428.02,2,1.0550689801719455,-0.18737889223382084
14036.0,286,1,626.65,3,-1.4158301240290434,1.0334599180872686
14037.0,178,2,147.20000000000002,3,-1.3058628976253615,-0.03148238679586461
14038.0,80,3,1560.38,2,0.5200270773144499,0.03852152405835657
14039.0,183,1,152.2,3,-1.6816946501971446,-0.16519243153013827
14040.0,10,12,3614.92,1,2.3020822798606106,0.27789293208554783
14041.0,268,1,141.41,3,-2.0696802555399856,0.4620817558324658
14044.0,28,4,652.82,2,0.5123567933340983,-0.5130822246244748
14045.0,111,4,1659.75,2,0.6263105724948079,0.3930675706702924
14046.0,286,1,154.99,3,-2.099517659943708,0.6260930563492273
14047.0,75,5,1308.6100000000001,2,0.8258007156241034,0.13048829771183207
14048.0,162,1,409.93,3,-1.1101548491414595,-0.036735238963376174
14049.0,18,4,5681.72,2,1.615687306296789,0.04332957955746053
14050.0,108,2,746.36,0,-0.22131022356143318,-0.09222430585776058
14051.0,19,23,15610.390000000001,1,3.544705965122121,1.0491176524351242
14052.0,21,1,225.36,0,-0.8188843806037446,-1.2872034574229478
14053.0,156,2,260.25,3,-0.9363211530799541,-0.03348268685472983
14054.0,215,1,92.46,3,-2.056958008556328,-0.06560708888628351
14055.0,108,1,725.6400000000001,0,-0.6065314394519032,-0.28202604566653916
14056.0,17,23,8214.65,1,3.2377326249265077,0.846012500487241
14057.0,25,17,6217.96,1,2.8043321024452896,0.6967586436614008
14059.0,268,1,183.6,3,-1.9422523221464347,0.538008132426194
14060.0,24,19,6140.42,1,2.8988254254436474,0.7326386553740764
14062.0,11,12,10464.85,1,2.8198534112711418,0.5964999517775038
14064.0,6,5,1353.74,2,1.128277028217966,-0.3861448425897983
14066.0,268,1,152.55,3,-2.0326934943858124,0.4841198653865219
14067.0,154,2,374.7,0,-0.7496174305457366,0.05756360493733354
14068.0,322,1,265.85,3,-1.9849882826836882,1.0579130923981377
14071.0,21,8,1438.82,2,1.4674636066691897,-0.07228098446650091
14073.0,153,1,151.04,3,-1.5611497456900656,-0.39634981229527133
14075.0,21,3,942.26,2,0.5169394902685376,-0.559183934772651
14076.0,306,1,122.47,3,-2.297182473915218,0.7103052854346595
14077.0,42,5,499.41999999999996,2,0.4900615988196886,-0.4028385989822833
14078.0,67,6,1049.37,2,0.8918189033306203,0.07392533337199496
14079.0,156,1,375.1,3,-1.128793906220777,-0.1084376110489615
14080.0,153,1,45.599999999999994,3,-2.1418819195417567,-0.7423719799449706
14081.0,70,2,934.52,2,0.04638432608389208,-0.31649972613318567
14082.0,425,1,182.25,4,-2.5962423263740333,1.7339450629598234
14083.0,38,9,1018.43,2,1.3239919957277713,0.003600083178082065
14085.0,11,18,4448.54,1,2.747437803031443,0.5161694707555347
14087.0,152,1,194.42,3,-1.4337405369626135,-0.3305340121891828
14088.0,12,13,50491.81,1,3.656426182059726,1.097799906610441
14089.0,58,1,161.0,0,-1.136443595772274,-1.1027387082407683
14090.0,326,1,76.32000000000001,3,-2.6098854587039293,0.7259734265206039
14092.0,25,14,4076.91,1,2.430074207828732,0.4916255815657861
14093.0,14,1,442.85,0,-0.4592075960789596,-1.1435903789700612
14096.0,13,17,65164.79,1,4.007770718724599,1.2926197983605496
14098.0,275,1,147.35,3,-2.078610469538967,0.5274567343423602
14099.0,18,11,3104.17,1,2.1208391966124753,0.25853942572906075
14100.0,139,1,194.9,0,-1.3786822124232636,-0.42902063759088555
14101.0,75,6,5976.79,1,1.7126345040802606,0.6437936334546207
14102.0,13,5,1360.28,2,1.1016439701011,-0.33131788737024015
14104.0,126,2,216.20999999999998,0,-0.9027049110504607,-0.3164354486504736
14105.0,240,1,1266.23,3,-0.8802302845877592,0.8880172332056977
14107.0,53,7,2703.23,2,1.5365414649748352,0.3036000641207282
14108.0,91,2,597.91,0,-0.25963061531806086,-0.2867471765172622
14109.0,74,1,144.2,0,-1.256491255265428,-1.0126769248507477
14110.0,2,12,5683.15,1,2.5573591556914206,0.34920118137212036
14111.0,7,4,692.85,2,0.6285332682896452,-0.6559477041257945
14112.0,24,7,2915.15,2,1.6937274538690195,0.1043742452573234
14113.0,24,4,1840.42,2,1.0374287206867936,-0.24062221302718712
14114.0,38,2,386.53,0,-0.25385302732107673,-0.8185739114104423
14116.0,21,5,1382.74,2,1.0765397350614831,-0.2654805819823025
14117.0,145,1,90.0,0,-1.7800765271058954,-0.6075900161099074
14121.0,12,4,2780.15,2,1.2896286024357744,-0.2115450315518125
14124.0,86,1,419.58000000000004,0,-0.7839195505892511,-0.6099078152511747
14125.0,12,3,2740.43,2,1.0781605820428308,-0.3156819835177409
14126.0,12,3,706.1300000000001,2,0.41272694014972394,-0.7121724856156832
14127.0,94,3,709.71,2,0.07551515185906799,-0.08494359883046149
14128.0,62,2,637.5,0,-0.10806104737437885,-0.4893194711559566
14129.0,19,5,1123.8600000000001,2,0.98310525432472,-0.3413512145521258
14130.0,321,1,483.86,3,-1.6875812466048834,1.225020020091858
14132.0,4,11,3586.0299999999997,1,2.2496777207043475,0.1939144108101348
14133.0,306,3,605.64,3,-0.880465675410522,1.4865238702813048
14135.0,40,15,4690.31,1,2.4958687560965016,0.6759962464326222
14138.0,121,2,982.3800000000001,2,-0.14038549863392966,0.08728615748296684
14139.0,48,1,415.82,0,-0.6309115032786681,-0.902517786159168
14140.0,122,2,935.05,2,-0.1687518198064091,0.0804838513507963
14141.0,31,4,915.13,2,0.6655857332263505,-0.39148437479491954
14142.0,698,1,311.81,4,-3.464560887506347,3.9737096189530825
14143.0,135,1,115.8,0,-1.6160735053338455,-0.6108650163958538
14145.0,48,4,3742.2,2,1.2863861285758944,0.15010208650231743
14146.0,83,5,4191.0,2,1.364015140575791,0.5319721413566537
14147.0,79,2,483.4,0,-0.3141285607143461,-0.4404121466578234
14148.0,235,1,157.2,3,-1.8813372650622977,0.2410227770417377
14149.0,281,1,446.62,3,-1.5611234731216797,0.8963915537925583
14150.0,244,2,658.64,3,-0.8460150611374194,0.9090740211717376
14152.0,77,2,621.29,0,-0.1828283213786775,-0.3823773431471058
14154.0,241,2,1345.62,3,-0.48311837700426047,1.095003315947116
14155.0,268,1,118.75,3,-2.1547876817785077,0.41137153615439925
14156.0,1,55,117379.63,1,5.386144042123785,1.881507929011789
14157.0,21,2,432.88,0,-0.1279486443473147,-0.9152454573239774
14158.0,42,1,507.66,0,-0.508268035865097,-0.8900386928855843
14159.0,21,11,4693.01,1,2.311338032248524,0.40234408739721755
14161.0,128,3,1110.52,2,0.15429115247619915,0.3053743855016773
14162.0,175,2,289.36,3,-0.9631498997626248,0.14242070521528322
14163.0,65,4,2445.91,2,1.0071936227374054,0.15543877800816108
14164.0,72,2,1631.77,2,0.31160089093529386,-0.1382748383918375
14165.0,99,1,122.53999999999999,0,-1.4393895869133972,-0.8691691696386871
14167.0,10,4,574.84,2,0.5245540593249318,-0.6876041860036863
14171.0,305,1,363.79,3,-1.7610331618643227,1.0196638801809834
14173.0,12,4,450.84,2,0.39717932860858063,-0.7433000231840646
14174.0,183,1,134.46,3,-1.7421317435533394,-0.20120313489939665
14175.0,31,3,3222.3,2,1.0789713555791602,-0.12330992115597539
14176.0,299,4,576.9000000000001,3,-0.6708985703796084,1.5188322476936857
14177.0,88,4,559.41,2,0.18809411542791646,-0.10032500042296048
14178.0,30,7,1620.93,2,1.3807767089088443,-0.021497113265552252
14179.0,42,2,719.78,0,0.0343164410157581,-0.606473977426305
14180.0,12,25,4748.52,1,3.06265155828579,0.683352876263425
14184.0,245,1,452.89,3,-1.4051593725862876,0.6257417503159131
14185.0,10,1,197.65,0,-0.8374432502018428,-1.4093551488990175
14188.0,73,6,2054.36,2,1.1966346593188883,0.316142593638374
14189.0,18,15,4654.08,1,2.583198281966382,0.5058432452832274
14191.0,11,13,4684.76,1,2.4931049861965278,0.39454977140658143
14193.0,271,2,853.39,3,-0.8308236165948836,1.1908099875750047
14194.0,20,21,11349.52,1,3.3043314042188103,0.9245182331560219
14195.0,203,2,1012.0,3,-0.4655037942207835,0.7217208040801016
14196.0,108,1,335.52,0,-0.9845576501991117,-0.5072683428232257
14198.0,20,4,701.4,2,0.5806941661613719,-0.5531595932891483
14199.0,220,1,185.39999999999998,3,-1.7386430614995827,0.17455407975689957
14201.0,62,7,747.44,2,0.8684162886897047,-0.0035993792288656003
14204.0,152,1,161.03,3,-1.5257554041390833,-0.3853599461222534
14205.0,18,2,466.7,0,-0.0786603255134929,-0.9161758738579093
14206.0,241,1,328.15999999999997,3,-1.5463808313923293,0.5011989917030153
14208.0,185,1,151.74,3,-1.6914565779145345,-0.15081011759459298
14209.0,12,6,2073.43,2,1.4538675742422724,-0.14665291517311826
14210.0,107,6,1905.8400000000001,2,1.0189535294197922,0.5536537313618911
14211.0,55,9,2241.1,1,1.640628201593228,0.3639540298917961
14212.0,32,1,1070.48,0,-0.10097398031761332,-0.7483517043801005
14214.0,52,5,1004.38,2,0.7912543421866423,-0.1223823880063178
14215.0,13,6,1789.72,2,1.377501414700841,-0.18205533830776358
14216.0,18,4,1839.3,2,1.0619854316562198,-0.2865869146916791
14217.0,13,17,2004.98,1,2.2983922953803364,0.2741075581031993
14218.0,44,1,169.48000000000002,0,-1.0533913452662593,-1.1946449146419944
14219.0,213,1,89.94,3,-2.0620960285308656,-0.08886735453583954
14220.0,190,2,632.4,3,-0.6422498865627065,0.4851163501653937
14221.0,44,9,3432.8,1,1.8955249236197815,0.40473751030798977
14222.0,179,1,683.17,3,-0.9302304083037408,0.24216067355126267
14223.0,124,3,991.13,2,0.11505941199912326,0.24160095396102768
14224.0,112,4,1050.12,2,0.39753814668512993,0.26685573660226236
14226.0,30,5,2232.19,2,1.2743111596170658,-0.05674611935215359
14227.0,28,10,3350.96,1,2.037266063900119,0.31826299751196
14229.0,53,3,1547.2,2,0.6277138128993606,-0.1699989806243278
14231.0,96,3,925.71,2,0.1975529347165653,0.007969961697204495
14232.0,44,5,2048.07,2,1.1740593676348976,0.024911950486073486
14233.0,6,4,1462.72,2,0.9992631762496513,-0.44515223942824395
14234.0,23,4,775.46,2,0.6174940575558697,-0.5009345689246993
14235.0,77,5,3144.86,2,1.247883998787911,0.40218030221812
14236.0,82,2,490.86,0,-0.31905096230757835,-0.41304684060926894
14237.0,698,1,161.0,4,-3.787696307825543,3.78117332835693
14238.0,328,1,146.85,3,-2.2998252955877034,0.930917824176292
14239.0,45,11,2380.85,1,1.8787574950377548,0.3869823326017815
14240.0,91,2,890.34,2,-0.06436703685630105,-0.1704017599472646
14241.0,96,1,213.70000000000002,0,-1.1555491960874555,-0.7303446009456968
14242.0,236,2,280.55,3,-1.2309785579002352,0.5989028699416196
14243.0,129,10,2588.77,1,1.4921763594041595,1.0135193416245154
14245.0,250,2,1693.45,3,-0.4075691234065551,1.230913191902139
14246.0,112,3,1474.06,2,0.35953561672117873,0.2660760768844245
14247.0,191,1,136.76999999999998,3,-1.7669684883295942,-0.13520644870749926
14248.0,320,1,302.58,3,-1.9133732239452204,1.0803852105666079
14250.0,32,3,1904.05,2,0.8165671049548103,-0.2695608669666926
14251.0,12,5,2879.7000000000003,2,1.4739096394021538,-0.1196073580488416
14256.0,262,2,969.0600000000001,3,-0.7311869122206167,1.1592825234247248
14257.0,125,5,3099.7200000000003,2,1.041942376877113,0.7642446459361435
14258.0,11,9,12669.98,1,2.6734170158710673,0.5349541579021891
14259.0,143,1,120.0,0,-1.6318652816278287,-0.5394789962881157
14261.0,52,2,1163.45,2,0.22845066839537295,-0.3898072746527206
14262.0,19,8,2618.23,1,1.76959702455674,0.08754268043440108
14264.0,126,2,333.97,0,-0.6899774073895444,-0.18968436570761962
14265.0,111,2,530.18,0,-0.4014178685842749,-0.16924098586261616
14267.0,164,3,1516.24,2,0.15796716766588753,0.6711438006930822
14270.0,10,1,492.65000000000003,0,-0.39041497107172485,-1.142998812690889
14271.0,227,1,112.32,3,-2.012045201461518,0.08234669375402112
14272.0,75,2,437.96,0,-0.34593168839117905,-0.49975933005946976
14273.0,37,4,559.97,2,0.39985629914701304,-0.48921949240337226
14276.0,5,3,1119.74,2,0.6678855262781612,-0.6308352981782335
14277.0,17,3,4216.2,2,1.2689550033666652,-0.1515023614819614
14280.0,198,1,134.04,3,-1.8057954840136126,-0.08764510214396981
14282.0,21,15,3729.34,1,2.4620144304652745,0.463935587437941
14284.0,88,2,595.25,0,-0.24938884331624261,-0.31094300072515557
14285.0,23,4,1910.01,2,1.0597881385679397,-0.23739904680032534
14286.0,25,3,4628.75,2,1.2816482658375221,-0.06314387919148753
14287.0,200,3,176.63,3,-1.0445217589658207,0.3182345779437216
14288.0,67,1,426.6,0,-0.6970812838911103,-0.7500552683008814
14289.0,7,6,911.26,2,1.0711438975600398,-0.42519123811233
14290.0,13,5,2314.65,2,1.3625415838620447,-0.17586523309513688
14291.0,33,11,3883.25,1,2.168636028493317,0.4385098781600645
14292.0,2,9,4871.93,1,2.241407710166937,0.18665191681898655
14293.0,149,4,1046.56,2,0.24259652984444616,0.5482141941150561
14295.0,42,1,166.20000000000002,0,-1.0546466790347149,-1.2155917291727303
14297.0,19,4,1305.33,2,0.8895437523334525,-0.3792347619816932
14298.0,54,44,51527.3,1,4.561955824714351,1.9471219380515838
14299.0,1,9,3965.62,1,2.144493783478021,0.11880751853115643
14300.0,20,1,43.2,0,-1.616885087890524,-1.7727818447268155
14301.0,119,1,640.14,0,-0.7135758167248317,-0.23471351362242548
14304.0,340,1,383.45,3,-1.8802454289337993,1.3021123947958857
14305.0,73,3,1858.96,2,0.6349580744502115,0.036305816560234225
14306.0,53,2,2093.32,2,0.5125666680232975,-0.2104208093269177
14307.0,2,6,2995.72,2,1.6759310774778846,-0.11533328723731605
14309.0,30,9,2352.53,1,1.7680121766668597,0.18736872385260273
14311.0,37,1,310.26,0,-0.7287533748762434,-1.0719092853209067
14312.0,38,6,1611.59,2,1.2224825743318788,-0.021935928980950054
14314.0,108,1,120.0,0,-1.4868748989374156,-0.8065679357895523
14315.0,46,6,2481.13,2,1.4011359267049053,0.16530784439028484
14317.0,184,1,508.58000000000004,3,-1.0956273164942778,0.19410804553081043
14320.0,40,2,477.79,0,-0.1582884897927856,-0.7414341105365228
14321.0,12,5,1530.75,2,1.1637277305229163,-0.3044254571809304
14323.0,116,2,605.0600000000001,0,-0.3573671171459323,-0.09249678591801432
14326.0,37,1,183.85,0,-0.9846511765400813,-1.2243828626693647
14327.0,165,1,311.65,3,-1.2568157401499205,-0.09382307939982525
14329.0,19,7,5014.84,1,1.9807751334631196,0.2249109985125333
14331.0,137,2,462.65999999999997,0,-0.5758880760526819,-0.010612016248743566
14332.0,24,3,866.31,2,0.4632871583185727,-0.5608537621137641
14333.0,276,1,415.2,3,-1.5761512951910728,0.8369403115726525
14334.0,18,8,2552.21,1,1.7612026380298245,0.07244156820055178
14335.0,18,2,468.26,0,-0.07702504277418133,-0.9152015106253304
14336.0,18,4,1614.91,2,0.9981291547113158,-0.3246348968104691
14338.0,198,2,588.22,3,-0.710897404570059,0.525008922615342
14339.0,37,1,309.52,0,-0.7299222929669111,-1.0726057708778463
14340.0,220,1,134.7,3,-1.8945379810527032,0.0816659974046337
14341.0,47,8,2182.28,2,1.56420122734672,0.24794385464467708
14342.0,23,4,668.5600000000001,2,0.5447520371621912,-0.5442770126692874
14344.0,99,8,889.9300000000001,2,0.9086164722231342,0.3824915118069479
14345.0,334,1,108.97999999999999,3,-2.469993450609743,0.8901217266732225
14346.0,33,2,1021.58,2,0.24335762784951956,-0.5728141179259141
14348.0,262,1,409.57,3,-1.524843496897806,0.726119561324726
14349.0,12,1,133.5,0,-1.03724286971549,-1.5082044708384972
14350.0,69,1,282.93,0,-0.9064473705507694,-0.8546046527608476
14351.0,166,1,51.0,3,-2.141891092848191,-0.6110849906327365
14352.0,38,4,1078.96,2,0.7173818716693222,-0.28992634142505747
14353.0,128,1,90.6,0,-1.7064253150075228,-0.73539597521249
14354.0,91,2,163.62,0,-0.8938561908120275,-0.6646427336994369
14355.0,455,1,174.4,4,-2.74202071966434,1.9500673778559061
14356.0,81,2,701.23,0,-0.14004838321763716,-0.31648976138517265
14357.0,45,1,225.77,0,-0.917417667777176,-1.1035272412571613
14359.0,21,3,912.18,2,0.5010238604624037,-0.5686670682599908
14360.0,122,4,2128.23,2,0.7027730496995546,0.5497204189978969
14362.0,24,1,161.2,0,-0.9949898884805564,-1.3618355129264332
14364.0,6,8,3717.35,1,1.995527489694269,0.09086813148194574
14367.0,23,16,9261.52,1,2.9558952933488363,0.7724672805905397
14368.0,321,1,155.0,3,-2.244476561655109,0.8932007534072244
14371.0,297,1,100.5,3,-2.3561226354386084,0.5842917339834615
14373.0,360,1,76.55,3,-2.7492746135176556,0.9863003695657865
14375.0,158,1,257.68,3,-1.320875105784007,-0.2026880068012448
14377.0,264,2,617.05,3,-0.9608487207163976,1.0426401811780877
14379.0,46,2,348.1,0,-0.33828033946704394,-0.788083536425627
14381.0,54,1,202.68,0,-1.0074369099610894,-1.0662693298125234
14382.0,28,1,626.0699999999999,0,-0.347497889384394,-0.9356376408961238
14383.0,165,3,1247.69,2,0.05816176877359,0.6217753932830106
14385.0,11,3,202.11,0,-0.1957458794474453,-1.0848229975902672
14386.0,298,1,142.4,3,-2.1905556159172184,0.6930422385064449
14387.0,76,3,1770.56,2,0.598617081368623,0.04495073889180558
14388.0,12,8,3212.84,1,1.8990647852025933,0.09398852579464928
14389.0,215,2,1043.46,3,-0.5001954694463404,0.822243228914906
14390.0,6,9,4652.82,1,2.20224391115157,0.2037143243615576
14393.0,219,1,67.95,3,-2.2228935601325275,-0.12408008060859466
14395.0,61,9,3507.71,1,1.835699148564597,0.5407811870879987
14396.0,215,2,487.99,3,-0.8728883019142408,0.6001787600174358
14397.0,5,19,2612.96,1,2.558052592059387,0.3377043549206435
14400.0,151,1,574.7,0,-0.8990095008287163,-0.02202047981278085
14401.0,66,13,4051.48,1,2.193957496947765,0.7717744756720767
14403.0,143,4,1475.81,2,0.4361016508121831,0.6029153375351439
14404.0,110,6,1474.32,2,0.8805262234668506,0.5014717719437831
14406.0,3,1,156.75,0,-0.9216570462533239,-1.5302288473222279
14407.0,109,6,2157.73,2,1.0715989031038688,0.6052206730491241
14408.0,12,7,2606.53,2,1.6885049783585337,-0.019930538433164814
14409.0,72,6,2059.4500000000003,2,1.2019918928980566,0.3092352161622232
14410.0,124,9,1105.07,2,1.0077876989184575,0.6837437054901486
14411.0,312,1,1063.0,3,-1.264337345437102,1.3863099487835515
14412.0,44,2,770.03,0,0.059127297614814577,-0.571491892530046
14413.0,364,1,122.7,3,-2.5365383037431557,1.1534543780206306
14414.0,93,7,1496.98,2,1.0807529225734072,0.43600081708529453
14415.0,21,13,5900.28,1,2.5649441577241423,0.5383484599317301
14416.0,24,2,490.22,0,-0.07942059624092579,-0.8560323541329876
14418.0,27,3,1937.25,2,0.8457646584180468,-0.30266095973085916
14419.0,12,6,1058.06,2,1.123707120910481,-0.3433749858246567
14420.0,335,1,387.52,3,-1.8543609199657636,1.2670382649637433
14421.0,6,2,813.11,0,0.24324497681691487,-0.8455655695204991
14422.0,19,6,4263.64,1,1.7787822134196989,0.11763943860225844
14423.0,220,1,265.2,3,-1.563642544410899,0.2788259988779315
14424.0,19,1,322.08,0,-0.6358833750670655,-1.1983633842965111
14426.0,25,10,4481.67,1,2.1924399926293874,0.38042322742168405
14427.0,52,2,363.34000000000003,0,-0.3421521134888414,-0.7297939679075487
14428.0,81,5,1244.83,2,0.7764264936299812,0.16166578877030593
14431.0,70,1,470.36,0,-0.6616604309219211,-0.6986519271265207
14432.0,11,6,2255.51,2,1.4993268017152181,-0.12966600974400733
14434.0,23,6,1372.8,2,1.2059191508095755,-0.18329633679942703
14436.0,305,1,89.06,3,-2.447988859294478,0.610349724349834
14437.0,455,1,63.0,4,-3.2371282924536247,1.65506358218179
14438.0,192,1,131.9,3,-1.7887846540569823,-0.13810592477857553
14439.0,321,1,2661.24,3,-0.8512282592832402,1.723350725060244
14440.0,44,5,2357.6800000000003,2,1.243163294230896,0.0660866805087976
14441.0,45,4,1712.89,2,0.915188464956536,-0.1013697631844476
14442.0,206,2,1589.82,3,-0.2562873450085819,0.8766781270170382
14443.0,55,4,1420.2,2,0.7817995984519475,-0.07985369267132153
14446.0,30,4,1039.58,2,0.7322807142086304,-0.36184440519641925
14447.0,20,5,1163.23,2,0.9958567415224178,-0.32365397713931077
14448.0,11,2,375.35,0,-0.15637925441765257,-1.0331796850764774
14449.0,20,4,907.1,2,0.7068307168924773,-0.4780026712706004
14450.0,5,3,483.25,0,0.25579278382224624,-0.8763757218671073
14451.0,62,2,662.59,0,-0.08913315226246961,-0.47804151620431373
14452.0,12,2,264.44,0,-0.3319755877722632,-1.1277071944128416
14453.0,308,1,119.93,3,-2.3156755538886067,0.7194852490170942
14456.0,24,9,3062.4,1,1.9223228040703373,0.21871630734662936
14457.0,312,1,113.64,3,-2.35847736426249,0.7343799919581687
14459.0,157,1,1837.92,2,-0.35354194828768254,0.3635862120046188
14460.0,112,3,434.34,0,-0.23975156679085413,-0.09100186647828407
14461.0,150,3,2103.06,2,0.37653711669483014,0.6599841585588074
14462.0,33,11,2004.02,1,1.8438916890407895,0.24501493276372008
14463.0,172,3,529.62,3,-0.3911110539313435,0.4247776105897875
14465.0,70,3,1058.6200000000001,2,0.37107805940905675,-0.15122212393719392
14466.0,61,7,2272.4,2,1.4181771293376575,0.3138694784618057
14467.0,19,4,598.76,2,0.5072579484420712,-0.6070150856494249
14470.0,13,2,461.19,0,-0.06376729340731695,-0.9577991408321989
14472.0,65,8,1936.84,2,1.431070404456424,0.35040903428507114
14473.0,76,2,234.34000000000003,0,-0.6562069508650812,-0.674533633165691
14474.0,48,1,547.66,0,-0.4959486336257772,-0.8221018098928977
14475.0,73,3,925.85,2,0.29290651306362053,-0.1675014254838045
14476.0,259,1,215.7,3,-1.826236657578741,0.516239871511355
14477.0,21,4,1309.6,2,0.8828611873127625,-0.3630176474215768
14479.0,255,2,316.25,3,-1.2510615662694389,0.7788256277342894
14480.0,13,1,279.05,0,-0.681219911641239,-1.2859731232226888
14481.0,166,2,636.51,3,-0.5396516396410804,0.30386219058061265
14482.0,20,6,2068.15,2,1.419475367852706,-0.0863497339895657
14483.0,283,1,137.1,3,-2.1469111719848812,0.5675559526055541
14484.0,52,1,321.92,0,-0.7728318562109993,-0.9466816153011199
14485.0,334,1,165.75,3,-2.265604217593707,1.0119045529688602
14487.0,28,6,1196.33,2,1.1176883109415159,-0.18537050619091505
14488.0,276,1,1064.28,3,-1.1146139534636512,1.111941695388848
14489.0,209,1,463.38,3,-1.2448058899993082,0.35770730648441956
14491.0,177,2,340.93,3,-0.8911498622540411,0.20551988677527644
14493.0,18,5,2383.2400000000002,2,1.3561635120046858,-0.1291684311327563
14494.0,27,1,139.56,0,-1.0777392573855709,-1.3808424540916222
14495.0,52,2,123.8,0,-0.8682910384760703,-1.043287415500582
14496.0,343,2,538.8100000000001,3,-1.3545824730544687,1.6058928876664353
14497.0,284,1,475.37,3,-1.5429809206667044,0.9374998307937428
14498.0,44,5,1957.32,2,1.1518135597138575,0.011657057741103889
14499.0,28,3,815.32,2,0.41696181924678355,-0.5480584706801521
14500.0,2,3,356.85,0,0.11967274113495084,-0.9877794444147342
14501.0,96,2,251.21,0,-0.7050602169925179,-0.5016538621826
14502.0,21,11,2470.67,1,1.9963578324592683,0.21466698527466882
14503.0,12,6,3543.26,2,1.7169151614865779,0.010080774523473236
14504.0,49,4,673.26,2,0.44048005939004387,-0.3438212859057851
14505.0,19,8,5905.64,1,2.1689478145867125,0.32549096751188056
14506.0,19,5,2012.17,2,1.2689437397121177,-0.1710378467642525
14507.0,25,6,1383.18,2,1.2013305412806656,-0.165831564453412
14508.0,23,2,276.42,0,-0.35586553531608184,-1.0308481117898212
14511.0,13,5,1314.81,2,1.0849602592670702,-0.3412586725499951
14512.0,219,2,275.28,3,-1.1698338585429677,0.4636450580861346
14513.0,102,3,455.59000000000003,0,-0.17492124907446352,-0.1533677103133689
14514.0,10,3,1055.35,2,0.6181151559131173,-0.6099932669087653
14515.0,19,6,2102.09,2,1.4316078446117941,-0.08922016562901403
14517.0,143,2,330.45,0,-0.7655891596238145,-0.06304657048183429
14518.0,184,1,174.37,3,-1.6194649010349476,-0.11801417648583244
14520.0,121,2,270.6,0,-0.7722507466759081,-0.28920302743661536
14522.0,26,4,974.54,2,0.7171550928498496,-0.41125450030331984
14523.0,110,1,241.09,0,-1.154581523588769,-0.5883761503760043
14524.0,73,9,1867.68,2,1.476595084377574,0.4480064551692122
14525.0,21,9,4332.2,1,2.105050321980588,0.2972940065894156
14527.0,2,55,8508.82,1,4.093289012606538,1.1212754815322834
14528.0,303,1,364.21999999999997,3,-1.7521694635213876,1.0047463672514954
14529.0,62,3,620.04,2,0.14184531378826679,-0.36860301055620853
14530.0,27,6,2925.91,2,1.5607910459835146,0.06854742292901048
14532.0,238,4,932.85,3,-0.1825207819998379,1.1937615865069096
14533.0,26,7,1949.72,2,1.4879928280375843,0.001988622345443782
14534.0,3,18,4447.05,1,2.780413985837027,0.4550225692271579
14535.0,62,3,2864.19,2,0.8927154257957138,0.078793767991388
14536.0,261,1,171.8,3,-1.9456937523166027,0.46526166095353366
14537.0,59,1,355.56,0,-0.7531641826883463,-0.8642669350560755
14538.0,184,2,388.25,3,-0.8564952487478426,0.2968643520280079
14539.0,17,2,537.48,0,-0.005312071996247925,-0.8825716331406872
14540.0,11,3,996.26,2,0.5857039396772723,-0.6192056743247313
14541.0,1,8,1461.65,2,1.558040921769064,-0.2202999908516721
14542.0,158,1,103.25,3,-1.7671754135041642,-0.4686105901425552
14543.0,30,16,3630.33,1,2.4670540597499575,0.5518931439006576
14544.0,26,2,2024.45,2,0.6079958880613446,-0.42624480482774435
14546.0,42,5,2578.09,2,1.2953195097352506,0.07696448477665147
14547.0,14,8,4007.54,1,1.999290616860095,0.17390570180166123
14548.0,4,2,652.8,0,0.1438375934351677,-0.9249950831260851
14549.0,343,1,289.24,3,-2.0307206188406632,1.2427518509820168
14550.0,12,2,765.62,0,0.18887303476356387,-0.8173659088734712
14551.0,20,2,186.23,0,-0.5365308500279695,-1.168793590207911
14552.0,34,1,165.07,0,-1.024836239101693,-1.2786248998976633
14553.0,21,5,859.27,2,0.8431263400010196,-0.4045571004772524
14554.0,12,4,2381.04,2,1.2135555844221118,-0.25687220951434186
14555.0,59,2,324.14,0,-0.427051488579458,-0.7096842854826103
14557.0,87,1,788.38,0,-0.4788669816497043,-0.4180465510033377
14560.0,18,22,2237.77,1,2.5561347072182175,0.45416013775896535
14561.0,77,3,1080.76,2,0.35223517756105915,-0.09175348740514934
14562.0,13,18,5074.77,1,2.8038178253905333,0.5699616572081256
14565.0,115,4,3099.12,2,0.9162630907959787,0.6062299131819187
14566.0,112,1,1432.0,0,-0.2896070454795679,-0.052792840706541055
14567.0,58,2,1530.3600000000001,2,0.3381076621118862,-0.2638729775106658
14569.0,121,1,227.39,0,-1.2287581668927705,-0.5214797807803546
14570.0,252,2,218.06,3,-1.4205053570207715,0.6475663572102983
14572.0,42,7,2832.84,2,1.6051003639117845,0.2333564302082135
14573.0,36,9,1653.42,2,1.5700651057278074,0.13002089883491746
14576.0,666,1,35.400000000000006,4,-4.388340892061085,3.100105166389509
14577.0,14,4,859.71,2,0.7053654541729711,-0.5394722478977588
14578.0,182,1,168.63,3,-1.6275223599235928,-0.14301395412880955
14581.0,18,1,138.6,0,-1.0438215634941834,-1.4515277873715822
14582.0,42,1,114.11,0,-1.2379708862171794,-1.3248232172978207
14583.0,146,5,1052.55,2,0.42483441531459726,0.6086362218992792
14584.0,95,4,1042.26,2,0.4642760241381182,0.1349305515511368
14585.0,52,1,157.05,0,-1.1237105465297335,-1.1557483942276523
14586.0,130,1,237.36,0,-1.24505849417119,-0.4402973549365936
14587.0,10,9,1601.14,2,1.6620032994875615,-0.07778376237970341
14589.0,639,1,39.75,4,-4.221053738111612,2.9270968425087807
14591.0,17,4,1447.14,2,0.9484395610399285,-0.3643412534806677
14592.0,58,3,570.46,2,0.11755666823549343,-0.4234727816318142
14593.0,23,3,617.99,2,0.3017823065712505,-0.6671838736193999
14594.0,302,2,379.83,3,-1.3560594278740332,1.1909366575969622
14595.0,21,6,1740.6,2,1.3307018717727717,-0.12914491694899832
14597.0,13,2,883.15,2,0.25477696298895397,-0.7679984391429062
14598.0,46,1,221.97,0,-0.9298591652092554,-1.1008409358086344
14600.0,162,1,393.33000000000004,3,-1.1304047263962937,-0.04880088081663356
14601.0,12,1,213.96,0,-0.8069779343176694,-1.371003923550721
14603.0,69,1,660.0,0,-0.49146558330787843,-0.6073428270477048
14606.0,6,93,12156.65,1,4.726354066512154,1.4881289892003255
14607.0,17,14,16569.5,1,3.1517389371809954,0.8408253328344709
14608.0,60,4,1785.15,2,0.873330085254334,0.025180727257365906
14609.0,74,4,601.56,2,0.28170324229940147,-0.18594102107580276
14616.0,37,3,406.08000000000004,0,0.03798148961533803,-0.6829744912941577
14618.0,11,3,553.44,2,0.29740956862377926,-0.7909823515690895
14619.0,129,1,394.44,0,-0.9923190874999593,-0.29980508826444335
14620.0,207,2,412.78000000000003,3,-0.9217629969187763,0.49026201338810343
14621.0,91,5,1788.3600000000001,2,0.9128018768931937,0.3439175902486118
14622.0,127,1,320.58000000000004,0,-1.0855676070773765,-0.3755649181504258
14623.0,45,5,889.25,2,0.7605270718847041,-0.21138679381369546
14624.0,31,2,225.85,0,-0.4878344156954119,-1.0286847991485075
14625.0,198,2,899.63,3,-0.5025314741814912,0.6491612154342542
14626.0,25,4,2791.27,2,1.2377346545754073,-0.11117295098329899
14628.0,37,2,671.96,0,0.021317143305230653,-0.6647165482011118
14629.0,49,2,959.01,2,0.14606883535993262,-0.46919174180758927
14631.0,52,3,1006.98,2,0.4211088143376639,-0.3032014633618268
14632.0,264,1,114.56,3,-2.1557081029973375,0.3704254359243852
14633.0,268,1,344.90000000000003,3,-1.6338697843419465,0.7217540982966428
14636.0,270,2,609.85,3,-0.9914587444525327,1.0849980904186194
14638.0,52,1,443.6,0,-0.6157966060722404,-0.8531140809073686
14639.0,33,6,2984.49,2,1.5456672509627727,0.12013261226542317
14640.0,26,6,2125.08,2,1.4079489781651615,-0.03262107465552638
14641.0,23,1,110.46,0,-1.1750858455137254,-1.479242907282348
14642.0,1,1,96.12,0,-1.1515808496211093,-1.6874249745078997
14643.0,172,2,693.8100000000001,3,-0.5222399843958144,0.37483323028559495
14644.0,276,2,830.76,3,-0.8647191968366187,1.221110818505974
14645.0,99,2,597.09,0,-0.29344410937190635,-0.22609917666192225
14646.0,3,73,280206.02,1,6.06046433978163,2.276183838842628
14647.0,203,1,243.22,3,-1.5355398053631597,0.12388053883538712
14649.0,36,4,1417.29,2,0.8595020986281882,-0.22544458053898053
14651.0,6,2,654.6,0,0.13690260148271358,-0.9089283740679108
14652.0,79,1,114.18,0,-1.390947887206131,-1.0422941674427662
14653.0,11,7,1947.55,2,1.5495849688294838,-0.11280374775175427
14655.0,24,4,1932.23,2,1.061322666106034,-0.22638529769867524
14656.0,171,2,291.05,3,-0.9437295496795499,0.11359440494549852
14657.0,19,4,848.22,2,0.6780526456738835,-0.5052491528834566
14658.0,119,2,247.15,0,-0.8083093097038423,-0.3308869207307017
14659.0,80,9,2529.93,1,1.596570632757027,0.5901883566103545
14660.0,88,2,285.74,0,-0.608906246806806,-0.5251570513063555
14661.0,28,1,107.95,0,-1.2069841209056642,-1.44775200666917
14662.0,30,4,771.17,2,0.5857751620990105,-0.44913794772129595
14664.0,21,2,637.89,0,0.062084697415041565,-0.802016413363483
14665.0,32,5,1835.7,2,1.1700377443045527,-0.09867732011058486
14666.0,26,1,195.25,0,-0.909693798633479,-1.2908140410947728
14667.0,12,25,9241.2,1,3.3895864000703586,0.8781530057003702
14669.0,7,3,1269.99,2,0.7213825826607809,-0.5787608917649717
14670.0,252,2,411.53,3,-1.109664989158395,0.8327767910793159
14672.0,163,2,765.55,3,-0.43670174519014,0.334905367986519
14673.0,11,5,1736.4,2,1.2297369653375971,-0.27519408105469517
14675.0,18,1,604.75,0,-0.3230591849266118,-1.0220703337950618
14676.0,80,6,2548.2400000000002,2,1.27338946415864,0.43257194331740473
14680.0,27,16,28754.11,1,3.495648239807499,1.1344701549734941
14681.0,6,3,498.95,0,0.2673192287699361,-0.8594084109055834
14682.0,203,2,52.0,3,-1.9143984256819815,-0.14158535261004232
14684.0,27,5,1236.28,2,0.9967440410988253,-0.2524293531624618
14687.0,108,1,628.38,0,-0.6770987344666272,-0.32407270587518555
14688.0,4,21,5630.87,1,3.026447765082181,0.5973539492892462
14689.0,210,1,112.8,3,-1.9395455495691494,-0.04614540842208513
14690.0,34,2,371.7,0,-0.25644466752454803,-0.8605157870455761
14691.0,36,5,2114.33,2,1.2228287875565782,-0.026824743743348003
14692.0,139,4,591.55,2,0.004208696370955508,0.30517952105086826
14693.0,266,1,172.9,3,-1.9632904362797199,0.5052739900149051
14696.0,3,7,2078.95,2,1.6147731891463308,-0.15475750044848519
14697.0,220,2,188.60999999999999,3,-1.3588441388778139,0.3611250123968172
14698.0,17,5,1250.76,2,1.0438837364852194,-0.3253359380849534
14699.0,97,1,109.13000000000001,0,-1.4875321004227047,-0.9180531371280845
14700.0,153,3,2235.3,2,0.3940430713298959,0.7007131265299701
14701.0,12,9,2549.37,1,1.8820238498489348,0.07351163254700908
14702.0,20,17,3292.14,1,2.5128306287713316,0.47257395539917035
14703.0,16,1,318.17,0,-0.6294351561158513,-1.2248195507219848
14704.0,5,9,1546.91,2,1.6658058077646083,-0.1260151824209625
14705.0,200,1,179.0,3,-1.6729490556614839,0.011708657690381503
14708.0,126,3,1126.37,2,0.16952964444830904,0.29425521543867217
14709.0,17,13,4921.04,1,2.492408521708109,0.45473130929913236
14710.0,16,4,606.13,2,0.5256835248269209,-0.6263346900442227
14711.0,12,11,2868.8,1,2.1069841644166756,0.1896875563964152
14712.0,61,3,917.07,2,0.3379432813054009,-0.2618598530903003
14713.0,11,11,2666.36,1,2.075202160783236,0.1606512183704656
14714.0,26,1,160.19,0,-1.0063425569624467,-1.348401022432201
14715.0,10,4,867.38,2,0.7262926026152927,-0.5674007407823947
14716.0,44,2,329.68,0,-0.3566156910090585,-0.8192072707820786
14719.0,12,5,1602.13,2,1.1860953413157822,-0.29109798968354866
14720.0,32,3,663.81,2,0.29956869068079334,-0.5776080529733677
14722.0,149,1,187.92000000000002,0,-1.4379250256091325,-0.3633255474759186
14723.0,12,6,1158.3,2,1.168118451186388,-0.31691303750801214
14725.0,26,1,718.08,0,-0.27197575021708414,-0.9108375366093665
14727.0,69,1,268.58,0,-0.9319164156479515,-0.8697800719804233
14729.0,698,1,313.49,4,-3.4619304745423856,3.975276918366799
14730.0,109,8,2005.06,2,1.2657877454719921,0.696301845601889
14731.0,36,3,380.02,0,0.009634772216623243,-0.7099639560057656
14732.0,2,8,2702.4900000000002,1,1.8555703026500923,-0.032921326254512946
14733.0,18,12,9585.91,1,2.7477776523753272,0.6242504291723563
14735.0,13,32,6065.69,1,3.397101380376881,0.8693705389569706
14737.0,182,3,1164.55,2,-0.046099006781322366,0.7313430181328264
14738.0,6,7,1314.45,2,1.3773463020952679,-0.26592715021752
14739.0,21,7,3902.28,1,1.84933323048266,0.16679178645058515
14740.0,198,3,1448.21,2,-0.005408936532505051,0.9171784131337176
14741.0,13,6,1400.34,2,1.25709222656096,-0.25379968133040864
14744.0,18,7,1099.98,2,1.2402324779852585,-0.2264317109159631
14745.0,114,5,1220.26,2,0.6299393709909011,0.40766407481917327
14747.0,251,1,328.2,3,-1.5877469809756881,0.577545673323682
14748.0,36,5,1415.75,2,1.0259786522909704,-0.1441154907928432
14752.0,45,1,389.64,0,-0.6503396488192075,-0.9443920680869127
14753.0,89,1,563.15,0,-0.6521220287018427,-0.5010796138891018
14754.0,46,2,638.05,0,-0.04135689186141195,-0.6111653293886578
14755.0,11,11,5010.28,1,2.3848830153729583,0.3451707704284044
14756.0,16,1,738.96,0,-0.21649327598883844,-0.9787731787305786
14757.0,77,1,420.5,0,-0.7455632504500302,-0.6779484592503043
14758.0,146,4,1484.06,2,0.42640966364383204,0.6274387443161803
14759.0,114,3,1625.97,2,0.399387206584622,0.31001999885725856
14760.0,299,1,89.2,3,-2.422370552866739,0.5650175613635698
14761.0,1,2,255.9,0,-0.30246668810853916,-1.221218293094221
14762.0,265,1,300.52,3,-1.6888749197479236,0.6586817018059637
14764.0,48,1,278.3,0,-0.8275272367457985,-1.0196688677620733
14765.0,60,3,254.11,0,-0.28679042640148095,-0.644199216492408
14766.0,67,6,2473.37,2,1.3126039820249957,0.32464497936436765
14768.0,19,2,192.60000000000002,0,-0.5159582628557334,-1.1666350852189815
14769.0,84,8,10674.75,1,2.190353528130442,0.9947075758641383
14770.0,234,2,876.42,3,-0.6644861136373507,0.9162416295159537
14772.0,114,1,139.26,0,-1.439193180929216,-0.717560849170459
14775.0,1,3,1011.9,2,0.6347717062220624,-0.69096344161381
14776.0,53,11,2538.3,1,1.8770518184568117,0.4667613830527646
14778.0,247,2,730.86,3,-0.8074212655698365,0.9623679214112906
14779.0,252,3,386.15,3,-0.8773250903673586,0.9430264897852871
14780.0,56,2,447.68,0,-0.2564669982097662,-0.6383418607787669
14782.0,321,1,200.10000000000002,3,-2.1197667050866897,0.967507597147051
14784.0,28,2,289.99,0,-0.3531259241263314,-0.9787186498269127
14785.0,12,2,77.4,0,-0.9308887040966319,-1.4845622544139072
14788.0,28,2,679.4399999999999,0,0.0640287459415236,-0.7301621384411022
14789.0,30,1,197.64,0,-0.9203196193207601,-1.2567476279777727
14790.0,3,4,745.06,2,0.6807321097111121,-0.665243340974658
14792.0,154,1,6.2,3,-3.0631400514165565,-1.2811929578974233
14793.0,23,1,228.99,0,-0.8193567466434413,-1.2672860717056695
14794.0,11,7,1319.91,2,1.3586675144216647,-0.2265595794257666
14795.0,168,1,131.45000000000002,3,-1.6910283234919696,-0.3222450810429479
14796.0,24,17,8022.49,1,2.933589447755763,0.7636756333611849
14798.0,54,3,173.74,0,-0.4477603278136135,-0.800707682500439
14799.0,53,1,157.7,0,-1.125837612909199,-1.1469163611070605
14800.0,31,12,4339.74,1,2.3048090165516606,0.4916054369231525
14801.0,92,1,193.14,0,-1.1884127966812095,-0.7903236541730031
14803.0,99,3,845.55,2,0.14069580473813195,0.00439059462224951
14804.0,333,1,353.27,3,-1.8913959224506973,1.2247725721539724
14805.0,17,4,554.65,2,0.47802845751596207,-0.6446299598016288
14806.0,77,1,193.39000000000001,0,-1.1256420796712723,-0.9044137840361168
14808.0,41,8,2741.17,1,1.700986002988193,0.26884887358028664
14810.0,42,11,2087.88,1,1.8267302689986677,0.3256842870091443
14813.0,578,2,155.43,4,-2.9363545687739934,3.0367769297147156
14815.0,275,2,778.5,3,-0.8924438978739168,1.1944919746405707
14816.0,199,1,271.85,3,-1.464531079761978,0.1257925415666357
14817.0,161,2,1110.34,2,-0.24601594296960624,0.42832433328773917
14818.0,75,3,657.8,2,0.11697794215099344,-0.252127474884047
14819.0,184,2,272.07,3,-1.0305826545881411,0.1931364990836025
14820.0,23,4,507.29,2,0.4094237190737559,-0.6249107369190947
14821.0,486,1,48.800000000000004,4,-3.4887465414339824,1.8182219323424713
14823.0,5,3,321.43,0,0.05605999850830196,-0.9953840607140144
14824.0,12,4,1127.71,2,0.8467712074325839,-0.4754161974325537
14825.0,17,12,2226.91,1,2.03525915861992,0.18960557397407088
14828.0,163,3,2139.76,2,0.3311754780374699,0.764248435723199
14829.0,61,4,697.55,2,0.40814913264089026,-0.24189223794613662
14830.0,55,1,197.13,0,-1.0251466467131873,-1.0667220403704971
14834.0,1,6,1720.3,2,1.4077958066473673,-0.2851978306375172
14836.0,12,3,102.44999999999999,0,-0.5312052323486104,-1.2746029331589204
14837.0,32,4,1649.5,2,0.9505342389168169,-0.2116018709072586
14840.0,269,1,62.85,3,-2.4677603103395334,0.23499004043437688
14841.0,31,6,3295.76,2,1.6026566505122775,0.13389021017181582
14842.0,45,4,2824.69,2,1.1607258182084053,0.04493066761083206
14844.0,7,4,3189.81,2,1.377821995325885,-0.2094931744844306
14847.0,150,1,309.4,0,-1.198223916677094,-0.21040315189948675
14849.0,3,25,7930.54,1,3.351766281206369,0.7647235735229329
14850.0,343,1,325.75,3,-1.9725330393096707,1.2774222090337564
14851.0,25,2,511.35,0,-0.06288058883701582,-0.8360777732614079
14852.0,1,6,2836.69,2,1.6532956308985738,-0.13891976103857492
14853.0,6,2,475.8,0,-0.019486055367199814,-1.002110643753647
14854.0,69,7,2759.83,2,1.4804326057254684,0.43175900012851737
14855.0,3,2,645.65,0,0.14258002779539772,-0.9358438078658525
14856.0,58,3,1311.3799999999999,2,0.5258483509941474,-0.18019717290417928
14857.0,31,2,1173.12,2,0.31950622052687583,-0.5476407489721754
14859.0,14,4,1353.74,2,0.9281262959344705,-0.40674292308258053
14860.0,21,1,170.32,0,-0.9556981746991613,-1.3687222843949243
14861.0,54,1,125.79,0,-1.2402212201617102,-1.2049710157828784
14862.0,27,2,841.1999999999999,0,0.1729094301095406,-0.6753863332243683
14863.0,61,1,266.76,0,-0.9021024501853162,-0.9328111420616277
14865.0,302,2,52.2,3,-2.322664406837622,0.6149968954452789
14866.0,12,12,14389.9,1,2.9721116428924077,0.6973205777000858
14867.0,158,3,710.28,2,-0.18921641769126243,0.4036821871483241
14868.0,23,8,2953.59,1,1.8121926812531841,0.15332046033807928
14869.0,105,2,725.7,0,-0.22264926051247155,-0.12332041353096762
14870.0,263,1,327.25,3,-1.6388771904995136,0.6682733984208349
14871.0,180,4,522.38,2,-0.22659463827422505,0.5817343797449422
14873.0,212,1,519.68,3,-1.2010372792831976,0.41408455707978997
14875.0,109,2,1465.3200000000002,2,0.10552258162901486,0.11261444594595633
14878.0,5,9,1485.54,2,1.645939174973006,-0.13785247274510154
14880.0,79,3,706.19,2,0.13521558887957497,-0.20086311749803554
14881.0,21,1,255.4,0,-0.7576889453369712,-1.2507409052952891
14882.0,28,2,589.7,0,-0.005426438173247158,-0.7715461609630566
14883.0,6,6,761.59,2,0.9872813829014411,-0.48525911206594435
14885.0,133,1,765.3199999999999,0,-0.6839855286307869,-0.07569062739709928
14886.0,341,1,364.8,3,-1.908808323708326,1.2951929626856038
14887.0,81,1,1862.0,2,-0.03231681238790823,-0.21257160846170453
14888.0,209,1,369.2,3,-1.356115683143737,0.2913847267502526
14889.0,163,1,135.9,3,-1.6540871705021292,-0.35073124467721034
14890.0,255,1,125.65,3,-2.0734228276093094,0.32855933489470374
14891.0,149,2,554.38,0,-0.5369572545836221,0.1337774733727278
14893.0,11,2,1237.8500000000001,2,0.4287118833074521,-0.6845602820812977
14894.0,87,1,655.75,0,-0.5691997823927902,-0.47187024621154133
14895.0,42,20,11138.710000000001,1,3.1613747651076447,1.066084546212066
14896.0,206,2,468.77000000000004,3,-0.855297094214758,0.5197654894944664
14897.0,2,4,1366.38,2,0.982397987720668,-0.49559883437122804
14898.0,25,6,1303.52,2,1.1722224330078035,-0.1831752749868844
14901.0,2,9,1421.29,2,1.6366691902262296,-0.17367413872446616
14902.0,27,1,332.66,0,-0.6531999463984908,-1.127885894674656
14903.0,23,5,2810.63,2,1.4164230625982757,-0.04276641632747898
14904.0,27,2,1025.44,2,0.27006337250147744,-0.6174983441377548
14905.0,218,2,616.15,3,-0.7710055713784936,0.6911825985934135
14907.0,30,7,3501.1,1,1.7587893675509116,0.20373710903492984
14908.0,76,1,277.8,0,-0.9443994706231257,-0.8065220103407332
14910.0,27,4,434.35,2,0.3167830245937494,-0.6397118839048055
14911.0,1,201,143825.06,1,6.661100440166028,2.515474555921554
14912.0,18,2,867.85,2,0.22549151263182113,-0.7349507186686269
14913.0,38,4,1227.43,2,0.7806402945056933,-0.25223458336941995
14915.0,93,2,307.48,0,-0.5937299270515759,-0.46561732855539245
14916.0,72,4,1268.98,2,0.6561281383784429,0.016956637505375224
14918.0,117,2,1610.15,2,0.11863861094960156,0.2012248286964712
14920.0,36,2,977.77,2,0.20942641337968146,-0.5627333584626346
14921.0,91,2,1316.07,2,0.12737264040557378,-0.05615601683548149
14923.0,52,1,749.1,0,-0.3589423431536162,-0.7000706078108259
14924.0,129,1,310.05,0,-1.1102023895741988,-0.37004441294813095
14929.0,152,1,223.88,3,-1.3647840695945563,-0.2894471439450713
14930.0,69,3,2372.86,2,0.7713352674007121,0.07716682157962956
14931.0,24,5,1257.68,2,1.0175930214679099,-0.27030500191389606
14932.0,455,1,363.53,4,-2.3827706582024235,2.1641221359569895
14934.0,83,2,1890.94,2,0.33838185671089305,-0.011224111404968557
14935.0,299,1,1784.71,3,-0.9562081265511784,1.4386125225578756
14936.0,99,8,8137.02,1,1.9949199317083408,1.0297521505337304
14937.0,58,3,1621.88,2,0.6301357316446192,-0.11805881182139685
14944.0,61,12,5900.25,1,2.331354030447428,0.8104045477264221
14946.0,16,1,100.9,0,-1.1901254746795222,-1.5589000238647541
14947.0,74,2,290.82,0,-0.5422859621760838,-0.6268540437306866
14948.0,25,6,1101.97,2,1.089803892350806,-0.2322833550567554
14950.0,21,1,371.2,0,-0.5746642468231712,-1.1416878757496052
14951.0,81,1,311.69,0,-0.9087759966655706,-0.7347991006786159
14952.0,2,11,8099.49,1,2.658002784829775,0.41701107016872685
14953.0,27,1,289.82,0,-0.7206842086099409,-1.1680955674705877
14954.0,14,1,336.17,0,-0.5942072704942143,-1.2240282849041308
14957.0,254,1,58.49,3,-2.440355386367961,0.09982763505633536
14958.0,129,3,499.68,0,-0.24150186532197707,0.07964537314699112
14959.0,111,4,695.42,2,0.19952031594339104,0.1387698128515441
14960.0,173,2,221.27,3,-1.0860974046799374,0.04896509791757473
14961.0,12,9,7044.68,1,2.3810553199528646,0.3708534344752699
14962.0,272,1,126.7,3,-2.1397921192596576,0.4607041372912031
14963.0,11,5,1487.8,2,1.1539035643158946,-0.32037848616134207
14964.0,190,1,206.21,3,-1.5623899324956705,-0.023410236349079298
14965.0,246,2,599.0,3,-0.9008379278233708,0.8966073253911199
14966.0,16,1,191.32,0,-0.8782020399753249,-1.3730442578560846
14967.0,51,1,463.8,0,-0.5898339223052108,-0.8477439527441941
14968.0,91,1,147.59,0,-1.3155814774603567,-0.8761949778894284
14970.0,139,4,1592.06,2,0.4898828311425185,0.5945625179846088
14971.0,45,3,1116.57,2,0.5007912282792947,-0.32641960832181555
14972.0,278,1,114.77,3,-2.212812643139296,0.4777922683938515
14973.0,109,3,1314.45,2,0.31572409109706157,0.20967325596565642
14974.0,303,1,114.39,3,-2.3179917845730853,0.6676080531533805
14975.0,59,1,279.94,0,-0.8702204968935904,-0.934013509126082
14976.0,59,7,790.86,2,0.9085382139950091,-0.00999147930829689
14978.0,74,5,1931.42,2,1.0209978185029056,0.23669468599402665
14981.0,160,1,102.12,3,-1.7808126967018412,-0.4565373594024667
14984.0,5,2,213.27,0,-0.40814485126100464,-1.2437876564347938
14985.0,200,2,296.75,3,-1.0543721150884895,0.34055255380430516
14987.0,17,2,326.4,0,-0.24966136122393112,-1.0281641705085565
14988.0,6,1,334.54,0,-0.5634464609895977,-1.2864951895359518
14995.0,252,2,233.23000000000002,3,-1.387623180077418,0.6671588004316135
14997.0,2,3,546.1999999999999,2,0.3282378428901758,-0.8635084777714196
14998.0,7,2,429.87,0,-0.07337123528019336,-1.024118049955913
15000.0,49,1,490.52,0,-0.554099211279498,-0.846650701204118
15002.0,117,4,1641.76,2,0.5961063722252837,0.4356672848631285
15004.0,149,1,1246.32,0,-0.5110322334576997,0.18895219355557577
15005.0,17,28,6316.57,1,3.2820702030609716,0.8538885071257634
15006.0,53,1,502.09,0,-0.5592436772144248,-0.8093182898551154
15007.0,279,1,156.91,3,-2.064511938803782,0.5762548500550556
15009.0,14,3,1261.78,2,0.689202020934661,-0.5272393487652794
15010.0,244,1,308.94,3,-1.5883549700282356,0.5064874731085343
15012.0,55,2,423.04,0,-0.28006209468953397,-0.6625001302436592
15014.0,44,2,260.17,0,-0.4725023323711783,-0.8882569095851194
15016.0,174,1,170.04,3,-1.5903165507368415,-0.201640684475602
15017.0,183,1,125.58,3,-1.7754283987323252,-0.2210425399113524
15018.0,334,3,496.21000000000004,3,-1.0941466172859273,1.641988442309901
15019.0,268,1,266.0,3,-1.7610128657055664,0.645997447303276
15021.0,28,9,1914.82,1,1.6752459656201069,0.11189627160948352
15022.0,13,4,905.04,2,0.7347135093283508,-0.5320849875713587
15023.0,41,11,6802.76,1,2.4107722686291173,0.6635791542697571
15024.0,11,10,1661.33,1,1.7632779925327324,-0.016679579538245674
15025.0,183,1,377.01,3,-1.2381559844635588,0.09908466118831231
15026.0,82,3,469.0,0,-0.07785415887687942,-0.2975198635294197
15027.0,91,4,1066.1499999999999,2,0.4919651241673976,0.11103108486999663
15028.0,44,4,627.13,2,0.4263902648152825,-0.4027136159082832
15030.0,73,2,518.28,0,-0.25512665775104837,-0.46585310168747956
15031.0,90,4,668.14,2,0.26689087399695627,-0.033176075693665964
15032.0,258,3,4959.1,2,0.3502738164759575,1.735072811547797
15033.0,27,10,2586.67,1,1.9143213844050735,0.23490849333178643
15034.0,17,8,4308.61,1,2.022427589683948,0.21798984313412723
15035.0,32,1,252.73000000000002,0,-0.8083980632366399,-1.1698616975249883
15036.0,74,3,465.55,0,-0.04833158688846569,-0.36072455685061167
15038.0,1,6,705.49,2,0.970469566368069,-0.5457733255819073
15039.0,11,47,19914.44,1,4.332359981535005,1.3697215104510811
15041.0,172,1,180.35,3,-1.5532873361834476,-0.19977611883094026
15042.0,201,1,135.93,3,-1.8113976961023937,-0.0606848528700394
15043.0,122,1,537.0,0,-0.8121350532643952,-0.26314057117771894
15044.0,7,17,7700.2300000000005,1,2.9838819841041624,0.62195169282006
15045.0,34,2,735.66,0,0.07815912351603493,-0.661146207930027
15046.0,11,15,5213.7699999999995,1,2.667952417297235,0.48564702352266204
15047.0,271,1,343.62,3,-1.6481181673586978,0.7435626323030633
15048.0,118,4,384.05,2,-0.12048627798012945,0.01879373258989582
15049.0,38,1,121.17000000000002,0,-1.1921684120760225,-1.3379300514095067
15050.0,27,3,1782.09,2,0.80478944927122,-0.327075537271565
15051.0,4,3,1391.61,2,0.7786876566673975,-0.5749146227159283
15052.0,321,1,215.78,3,-2.082895500780315,0.989476853565768
15053.0,187,3,697.79,3,-0.31805136180043436,0.6198006295193579
15054.0,14,2,302.1,0,-0.2751062260972199,-1.0736234411099086
15057.0,99,2,1489.5,2,0.15498052167349255,0.041089158767676284
15058.0,27,11,2124.9900000000002,1,1.8975168295169735,0.21637029952490072
15059.0,42,9,1337.72,2,1.441228426553543,0.1138516560317573
15060.0,11,4,303.09,0,0.20684907543912745,-0.8668053978016177
15061.0,6,48,54534.14,1,4.86665756216962,1.635558810191788
15062.0,73,4,987.86,2,0.5291136547951232,-0.04862397044820585
15063.0,67,1,370.79999999999995,0,-0.7657510866624834,-0.7909713309488863
15065.0,166,4,3158.13,2,0.7142512645267628,1.0009340364727333
15066.0,55,1,893.59,0,-0.28486061065092416,-0.6256316541084034
15067.0,80,3,1744.76,2,0.5748422407762547,0.07118246921544405
15068.0,48,2,553.36,0,-0.11945918691992938,-0.6375027880266099
15069.0,181,1,1109.53,3,-0.7006395333262027,0.3991584294249034
15070.0,667,1,106.2,4,-3.8620463390467323,3.4237907626645145
15071.0,99,2,982.07,2,-0.04940352114173898,-0.08069057501025002
15073.0,11,3,1043.41,2,0.6083901669248232,-0.6056883631071924
15074.0,107,1,748.87,0,-0.5869349762853979,-0.28044915223551203
15075.0,79,1,773.03,0,-0.45536990421916057,-0.484841461608768
15076.0,174,1,880.85,3,-0.7848718450827425,0.2782736986451461
15078.0,13,32,9743.11,1,3.6298031329056175,1.0080230339476146
15079.0,36,4,895.61,2,0.6342961262841389,-0.3596308065255696
15081.0,24,5,504.8,2,0.5698795692890221,-0.5370695901084401
15083.0,258,1,88.2,3,-2.2579995100946983,0.2488798335416837
15087.0,283,1,306.94,3,-1.7530948706654128,0.8022065822315104
15088.0,23,2,1160.07,2,0.3471580249804342,-0.6119601162631012
15089.0,12,6,2420.84,2,1.5299081396522263,-0.10134507369784888
15090.0,253,1,381.32,3,-1.5225691412171214,0.6365799317402938
15091.0,276,1,480.71,3,-1.5043659076901077,0.8797127573007947
15092.0,128,2,457.81,0,-0.5437687891215869,-0.08236890833452853
15093.0,20,6,4597.02,1,1.8116028106712738,0.1472946099411116
15095.0,105,4,1370.6,2,0.5572252618825613,0.29130741500867896
15096.0,44,1,219.39000000000001,0,-0.9272895369973039,-1.1195086934948704
15097.0,213,1,248.08,3,-1.5672889104457008,0.20595741887520708
15098.0,66,3,39916.5,1,2.1697581291179753,0.8801017322986611
15099.0,86,1,410.48,0,-0.794661744014603,-0.6163084199046064
15100.0,71,3,876.0,2,0.2740420274367052,-0.19894043791727462
15101.0,333,2,317.53,3,-1.5722055993459159,1.3752306115749988
15103.0,88,2,703.36,0,-0.16755915038687574,-0.26218577837645907
15104.0,198,2,1027.44,3,-0.437362267236839,0.6879914908457888
15105.0,20,7,2298.93,2,1.5937206918594313,0.004388759973965866
15106.0,6,5,1422.52,2,1.1525972167176686,-0.3716539555316525
15107.0,40,6,319.5,2,0.4207401218954182,-0.4794455305252329
15108.0,143,4,1300.25,2,0.3739500963966189,0.5658830934990765
15109.0,129,1,484.95,0,-0.8911026721299541,-0.23949652430840898
15110.0,25,4,996.1,2,0.732032800533535,-0.41248921965059754
15111.0,61,3,1567.48,2,0.6009641827277675,-0.1051420638145371
15113.0,11,3,3609.33,2,1.2175091375840166,-0.2427522695442511
15114.0,39,10,2760.56,1,1.8965496882851185,0.34551248090811576
15115.0,20,1,340.11,0,-0.6133574316546377,-1.1748421566188108
15116.0,19,4,1352.75,2,0.9070543821106436,-0.3688012672568729
15117.0,16,5,1551.78,2,1.1538538707598294,-0.26991099733827406
15118.0,136,1,244.8,0,-1.2548198918845297,-0.38551704670776693
15119.0,129,1,266.4,0,-1.184458756193256,-0.414289161381647
15120.0,135,1,358.82,0,-1.063530869098326,-0.28163924018129044
15121.0,52,2,457.72,0,-0.2290288705634101,-0.6623908662867012
15122.0,116,3,1633.78,2,0.393453786140395,0.32668348205665937
15123.0,208,2,2199.31,2,-0.10528893026312566,0.9868475260767979
15124.0,24,2,184.19,0,-0.5584812803600805,-1.1414748073299952
15125.0,27,15,11528.48,1,2.991305962953319,0.839903995422095
15127.0,215,1,406.53,3,-1.3337918336391588,0.36528263736416056
15128.0,62,4,1471.0,2,0.770048729728144,-0.01615936680307616
15129.0,52,11,3447.4,1,2.031477941810651,0.5486748815181951
15130.0,171,1,330.11,3,-1.253499363355102,-0.03125053907658294
15132.0,20,5,977.9300000000001,2,0.9107242305860034,-0.37437914322801247
15133.0,39,3,982.42,2,0.46284857431191606,-0.4096237926702577
15134.0,16,8,1387.99,2,1.4705262229225768,-0.12095326012654795
15135.0,240,1,139.05,3,-1.9618943753961222,0.24352090559920353
15136.0,24,4,1286.7,2,0.861776860401663,-0.3452822270306216
15139.0,163,2,178.96,3,-1.1483687674101213,-0.0891327286804883
15140.0,54,7,2354.25,2,1.4645451539146608,0.2708013617921069
15142.0,48,1,498.74,0,-0.5418117788365638,-0.8494288043933301
15143.0,227,1,259.45,3,-1.6033645002529386,0.32585409437017177
15144.0,1,17,6580.44,1,2.931574618112437,0.5301884703880873
15145.0,45,4,1194.73,2,0.7383926499529551,-0.20671138862460697
15146.0,166,2,1327.16,2,-0.1792032907790098,0.5186309335827195
15147.0,242,1,623.5,3,-1.2360273366187646,0.6962187478172004
15148.0,12,1,301.29,0,-0.6395490767409597,-1.2712434852034542
15149.0,135,1,520.8000000000001,0,-0.8810032262381565,-0.17288237517143876
15150.0,19,10,5314.47,1,2.3009780721082853,0.3844977977009177
15152.0,11,13,4745.69,1,2.4994495476862846,0.3983301008223114
15153.0,122,1,329.25,0,-1.051790000430869,-0.4059360422061509
15154.0,77,1,296.42,0,-0.9167929482277851,-0.7799735817746729
15156.0,120,3,961.49,2,0.11673482550587472,0.20220155012403138
15157.0,126,3,1936.07,2,0.4353499410614366,0.45264099012256365
15158.0,47,1,401.40000000000003,0,-0.6440590596050408,-0.9204510165212532
15159.0,20,30,18641.010000000002,1,3.8621305128985446,1.2232741674695433
15160.0,359,1,158.16,3,-2.3920464327199698,1.1890509951618031
15163.0,20,2,304.47,0,-0.2961367425886877,-1.0255576995654923
15164.0,210,3,843.05,3,-0.32058324461228266,0.8505786894493357
15165.0,698,1,487.75,4,-3.2454105552212797,4.104287665827057
15167.0,322,1,163.0,3,-2.2240596500067413,0.9154653402864618
15168.0,27,1,106.56,0,-1.2091472153983072,-1.459140279707876
15171.0,10,1,1289.5,0,0.08149964671674287,-0.8618142557724926
15172.0,72,5,1624.05,2,0.9442096708813513,0.17074256754705697
15174.0,324,1,135.75,3,-2.321581305715725,0.8775570929627744
15175.0,73,1,224.14,0,-1.036952609181718,-0.8919669255703236
15178.0,262,1,40.5,3,-2.650343935559497,0.055503881650219127
15179.0,20,5,2206.95,2,1.3101550007978382,-0.1363832009367474
15180.0,517,1,87.5,4,-3.3347973690208947,2.2230326733942736
15181.0,177,3,689.4799999999999,3,-0.2825005460018626,0.5399889523423537
15182.0,126,2,622.85,0,-0.38458530516872536,-0.007720214328376016
15184.0,61,2,406.76,0,-0.3241431866220162,-0.6281687923345228
15185.0,72,1,310.62,0,-0.8731760991695942,-0.804482113501923
15186.0,16,2,411.41,0,-0.1321584238079383,-0.9682509010815974
15187.0,17,16,4777.18,1,2.6556918820588704,0.5329982295371424
15189.0,7,41,16225.39,1,4.12601055732273,1.2194565022833779
15192.0,3,3,1044.32,2,0.6419585267077146,-0.6664824232216672
15193.0,62,1,499.32,0,-0.5992383044894617,-0.7422538230550109
15194.0,79,15,7616.53,1,2.5723579659391698,1.1154487725537099
15195.0,152,1,3861.0,2,0.03156122275541418,0.542548131332689
15197.0,12,3,1079.6100000000001,2,0.6209806869279608,-0.5880870360297953
15198.0,124,2,193.64,0,-0.948298397868872,-0.36380060974219747
15199.0,31,4,1268.7,2,0.8258657303348405,-0.29598349757896075
15201.0,89,5,1236.54,2,0.7400071201099507,0.22076110719671338
15203.0,27,6,1827.8,2,1.329838843550438,-0.0690626240214347
15204.0,359,1,316.58,3,-2.052793457086305,1.3911907340913539
15205.0,86,2,653.24,0,-0.19552377510629568,-0.2990469974595411
15206.0,12,4,420.29999999999995,2,0.36281156661728015,-0.7637776340982755
15208.0,120,5,870.12,2,0.4391657054503951,0.35459043572952453
15210.0,227,1,331.18,3,-1.483899558240603,0.3970358198789963
15211.0,62,2,894.4100000000001,2,0.05800513131377477,-0.39037096836876267
15212.0,7,1,101.8,0,-1.1485238980307908,-1.625007009521871
15213.0,320,2,328.35,3,-1.501947567367895,1.2858005460685178
15214.0,12,8,1661.44,2,1.575349666025471,-0.09889317128048933
15215.0,48,3,734.94,2,0.2832050985520738,-0.425767385347907
15216.0,89,1,96.6,0,-1.5137069544225048,-1.014444460949057
15218.0,12,11,5756.89,1,2.4489425303029844,0.39343926904071536
15219.0,178,1,305.75,3,-1.3200251522353748,-0.000193179883824512
15220.0,53,6,1778.96,2,1.208838393849444,0.12142564721106941
15221.0,486,1,403.25,4,-2.460400157361837,2.430949556078791
15222.0,320,1,585.0,3,-1.5903974168263757,1.2728263975882426
15223.0,227,2,755.75,3,-0.7081458297757138,0.8195315839268977
15224.0,360,2,322.08,3,-1.6770900771820985,1.5854208072859879
15225.0,236,1,409.40000000000003,3,-1.417339736548201,0.5275894527087556
15226.0,312,1,154.41,3,-2.209054159738838,0.8234119820122325
15227.0,128,5,1219.4,2,0.5715972767968676,0.5142935258330154
15228.0,171,4,3386.71,2,0.7278445017770263,1.0595304988627217
15230.0,241,2,429.6,3,-1.0430433392458076,0.7613788710141308
15232.0,115,2,612.06,0,-0.34758497427696616,-0.09676763527836589
15234.0,130,1,197.0,0,-1.336162649312444,-0.4945806522348796
15235.0,160,12,2247.51,1,1.447389775942013,1.28354779394379
15236.0,300,1,321.05,3,-1.801517138828577,0.9450448992110013
15237.0,80,4,1412.32,2,0.6755045737559301,0.10929720668556304
15238.0,61,3,1071.99,2,0.4145189444288933,-0.2162331801827806
15239.0,12,2,780.59,0,0.19837020824197968,-0.8117071341378631
15240.0,7,5,1706.57,2,1.2378024269855241,-0.310786052810685
15241.0,75,8,1756.44,2,1.3416575962947335,0.39812770165377515
15243.0,76,1,316.68,0,-0.8802880385404235,-0.7683219971517817
15244.0,215,2,631.57,3,-0.7464583830190206,0.6755104818708079
15245.0,135,3,2515.84,2,0.526646981589492,0.5979339924388908
15246.0,240,2,514.15,3,-0.9508593033751783,0.8062061824216997
15247.0,94,1,356.0,0,-0.8975489301373308,-0.5968171351985573
15249.0,3,13,6688.46,1,2.7010752771310806,0.43767097029892543
15251.0,4,11,10484.99,1,2.7764749371250224,0.5078000933076603
15252.0,96,2,740.78,0,-0.17527958931232468,-0.18599055055155822
15253.0,2,5,918.1999999999999,2,0.954373604169512,-0.5301607507291413
15254.0,247,1,300.36,3,-1.6145690993994841,0.521166363403864
15255.0,245,1,890.85,3,-1.0734576979249408,0.8233821388587155
15256.0,150,1,98.45,3,-1.7571830765746281,-0.5434521353105449
15257.0,342,1,317.15,3,-1.9814889315996538,1.2619865304541238
15258.0,170,2,623.16,3,-0.5666149613047734,0.32819410342988536
15260.0,102,7,1810.77,2,1.1368680151784838,0.5603310857516054
15261.0,137,1,254.82,0,-1.2393406421878268,-0.36619450535065823
15262.0,325,1,178.95000000000002,3,-2.19090828313749,0.9655164359075188
15263.0,108,1,156.51,0,-1.3573759011724507,-0.7294075408042034
15264.0,184,1,393.74,3,-1.22103120112494,0.11938767365302252
15265.0,34,2,1506.1200000000001,2,0.4296940010480419,-0.45168844787287354
15266.0,224,1,119.3,3,-1.9702637048550824,0.07694342894985616
15267.0,1,5,1717.36,2,1.265751301346902,-0.35472957537962235
15269.0,25,1,408.8,0,-0.5439733476108528,-1.0830034000840576
15270.0,17,7,2379.49,2,1.6230554340945682,-0.008430751288863558
15271.0,5,15,2507.07,1,2.3333409473462288,0.22567635127692529
15272.0,59,2,721.94,0,-0.03463799157765264,-0.47586949966321757
15274.0,20,2,716.57,0,0.12326130583837375,-0.7756644986045846
15275.0,303,1,615.14,3,-1.4953433059061731,1.1577730941465254
15276.0,245,1,135.31,3,-1.995899945384308,0.27375620048412674
15277.0,48,1,255.89999999999998,0,-0.8685819426758006,-1.0441308124893653
15279.0,356,1,290.51,3,-2.0824300308732466,1.3432338849679806
15280.0,174,1,113.12,3,-1.7890336084414205,-0.32004381444144586
15281.0,1,9,2332.15,1,1.8838760558593675,-0.036478369007039
15286.0,51,1,240.55,0,-0.9112657954817868,-1.0392652055974352
15287.0,24,2,486.69,0,-0.08296238558186621,-0.8581426860214078
15288.0,45,5,2306.52,2,1.2282517585820858,0.06730124387652621
15289.0,61,3,939.78,2,0.3499433380948711,-0.2547097659258988
15290.0,44,18,7943.22,1,2.8953884773997722,0.9376049193138878
15291.0,5,15,4668.3,1,2.6385497045731356,0.40753125878252494
15292.0,203,1,180.94,3,-1.6801122896488305,0.03773879114602018
15296.0,36,6,3672.86,2,1.6351298504671843,0.2037360675744431
15297.0,12,3,641.94,2,0.3659935197745302,-0.7400180229356784
15298.0,12,12,4799.9,1,2.4329993539175456,0.37609710974510874
15299.0,166,7,4507.01,1,1.31939434315246,1.31545002325213
15300.0,184,1,496.44,3,-1.107468375214814,0.18705269542239086
15301.0,52,12,5070.35,1,2.2942094506030917,0.6973776272169057
15303.0,292,1,574.02,3,-1.4836940150246036,1.0536205658656987
15304.0,62,8,694.4000000000001,2,0.9402110181683789,0.027638209740594288
15306.0,124,3,1174.35,2,0.19828259555417588,0.29118847066676196
15307.0,216,1,205.3,3,-1.672258522862323,0.1737108172059419
15308.0,69,1,310.47,0,-0.8609847966764071,-0.8275163337951434
15311.0,1,91,60767.9,1,5.5175854235474135,1.9111846096670773
15312.0,77,4,924.85,2,0.48020986197067256,-0.037365019167340856
15313.0,112,1,52.0,0,-1.9088373142127566,-1.0175914048965653
15314.0,201,1,327.97,3,-1.3809610876575702,0.1957855391559748
15315.0,118,2,570.5,0,-0.39448624461210824,-0.09441492507277474
15316.0,328,1,165.0,3,-2.2429624951547393,0.9647988287949055
15318.0,182,1,312.62,3,-1.325718394567138,0.03681224975667568
15319.0,342,1,204.5,3,-2.1961319652383606,1.134094102387033
15320.0,46,1,267.13,0,-0.83928558148904,-1.0468737730065365
15321.0,72,3,2748.31,2,0.8310152034463222,0.14302464089254943
15322.0,87,1,679.68,0,-0.5516243145844635,-0.46139811853836743
15325.0,105,1,162.29,0,-1.3272499424526647,-0.7417556153954902
15326.0,71,1,311.71,0,-0.8673187635397639,-0.8110915112838054
15327.0,54,1,208.75,0,-0.9930155301056451,-1.0576765268944697
15329.0,41,3,1049.7,2,0.487061419366395,-0.37499802564349394
15330.0,62,2,714.96,0,-0.051830236351544066,-0.45581502970272497
15332.0,486,4,1661.06,4,-0.9267705962089011,3.2549654982887515
15333.0,210,1,1028.56,3,-0.8579526220193575,0.5983085174265996
15334.0,165,3,351.67,3,-0.5627287944639974,0.25182534016337826
15335.0,55,1,173.97,0,-1.0861931731797336,-1.1030958670096143
15339.0,245,2,574.07,3,-0.9175360605354023,0.8765585274874209
15341.0,82,1,2020.52,2,0.0036436047764319664,-0.18104561380504067
15342.0,306,1,406.09,3,-1.7112973300583656,1.0593977872785088
15343.0,89,1,364.5,0,-0.865280484426082,-0.6280874743514707
15344.0,76,3,563.94,2,0.03735497655355542,-0.2894704261000622
15345.0,47,1,393.54,0,-0.6537462961974615,-0.9262230380402484
15346.0,40,1,252.42000000000002,0,-0.8421390855558595,-1.1091705162723748
15347.0,486,1,201.60000000000002,4,-2.799643378574638,2.2288156292016863
15348.0,74,1,158.04,0,-1.2117808585454435,-0.9860367814488117
15349.0,219,2,473.81,3,-0.9039100190335414,0.6220925275392076
15350.0,698,1,115.65,4,-3.948978458269039,3.6850753303253696
15351.0,14,7,1960.1100000000001,2,1.540312524566221,-0.08803036145868583
15353.0,256,2,777.02,3,-0.8146681240706833,1.0489447459679504
15355.0,55,2,277.05,0,-0.48731421236913025,-0.7859887713737765
15356.0,73,10,2766.5,1,1.7567570622769546,0.6055990205736175
15358.0,2,22,8347.2,1,3.2687458228662143,0.7171700469682597
15360.0,41,1,427.93,0,-0.5878490424851736,-0.9475554826062156
15361.0,363,1,418.92,3,-1.9321861150847572,1.5034508231673356
15363.0,667,1,326.0,4,-3.3143541320096803,3.750126469926718
15364.0,216,2,913.19,3,-0.569759189381747,0.7908939562750428
15365.0,27,7,2314.32,2,1.5679977857367586,0.059758018134710426
15366.0,77,2,602.51,0,-0.19787701697747032,-0.391343924483315
15367.0,59,4,1877.59,2,0.902252468104389,0.03231435594352109
15368.0,23,1,446.94000000000005,0,-0.49198627441064535,-1.072226377190747
15370.0,31,7,2386.05,2,1.5664107269391894,0.09921006704523629
15372.0,139,1,2007.3999999999999,2,-0.23568121722981128,0.252022534788275
15373.0,20,12,2415.91,1,2.062818674709757,0.23632483365596624
15374.0,278,1,168.0,3,-2.027037544303384,0.588484090354031
15376.0,42,3,1233.3600000000001,2,0.5620310781841507,-0.3202288511475587
15379.0,99,7,3703.29,1,1.5005153476708502,0.7467076451768361
15380.0,48,5,1690.2600000000002,2,1.063243340498865,-0.0007187463103192535
15381.0,67,2,596.85,0,-0.16107857564600295,-0.47041221923594917
15382.0,16,6,5955.71,1,1.955312038228406,0.19252431816329718
15384.0,171,2,642.41,3,-0.5558405578727725,0.3447133196462958
15385.0,42,1,316.88,0,-0.7391311642946989,-1.0275956661797878
15386.0,188,1,394.14,3,-1.2371041511516516,0.15020848133198225
15388.0,272,1,140.54,3,-2.0892598999382224,0.490813142531575
15389.0,174,1,500.0,3,-1.0625405303909776,0.11282820637707906
15392.0,2,4,1535.53,2,1.0396735890361366,-0.46147186739233337
15393.0,18,2,231.86,0,-0.421139687588126,-1.1202380157130203
15394.0,11,4,2183.54,2,1.175193566904603,-0.28982916838729855
15395.0,327,1,107.45,3,-2.447875163591361,0.832604700277517
15396.0,114,1,288.18,0,-1.0838660662194868,-0.5058435309424983
15397.0,291,1,94.0,3,-2.3637682505720785,0.519139669911299
15398.0,18,2,1345.53,2,0.44064466741124503,-0.6067543411549192
15399.0,24,3,815.77,2,0.4338027882760293,-0.5784216636237505
15400.0,115,5,716.2,2,0.36439892469869856,0.2595444651526781
15402.0,150,2,626.77,0,-0.4809311574566598,0.17725935817748056
15405.0,280,1,349.1,3,-1.6776537822596478,0.816858973788452
15406.0,39,2,510.71000000000004,0,-0.1214905654417952,-0.7296079367077511
15407.0,96,4,1056.44,2,0.46676335272883923,0.14651201551415258
15408.0,266,1,267.18,3,-1.7505621334079062,0.6320255491578037
15410.0,86,8,3450.84,1,1.6275974444557115,0.6795950810776824
15411.0,28,4,1358.88,2,0.8719898454543826,-0.2987992662207991
15412.0,173,1,190.53,3,-1.530608883942422,-0.17616402063179593
15414.0,11,3,774.9000000000001,2,0.4624469248697111,-0.6926468600590616
15415.0,315,1,572.8100000000001,3,-1.5800078811890326,1.2285197772880765
15416.0,156,4,3984.32,2,0.8697670036765531,0.9926019925741837
15417.0,87,1,508.8,0,-0.6935848567951426,-0.5459835724674459
15419.0,26,1,135.86,0,-1.0866968957514955,-1.3962791730492627
15421.0,1,4,950.36,2,0.8083940305866881,-0.6093763850481567
15422.0,325,2,97.7,3,-2.1144386680232583,0.9713523081850929
15423.0,334,1,43.5,3,-2.9143340371971687,0.6253668192156837
15424.0,256,2,383.34,3,-1.160995158510633,0.8425900155630741
15426.0,21,5,1447.39,2,1.0989640766704836,-0.25211931212153316
15427.0,49,3,1483.14,2,0.6235320179079228,-0.21288833055381884
15428.0,17,1,93.78,0,-1.2298392574198764,-1.5724635762750419
15429.0,28,2,397.35,0,-0.19890375768133717,-0.8868272569684933
15432.0,25,1,171.19,0,-0.9697809662827513,-1.3367156651328247
15433.0,67,2,533.3,0,-0.21626817472969317,-0.503296267281707
15434.0,109,5,1041.48,2,0.5729226423910605,0.3231942558626932
15435.0,24,1,149.29,0,-1.03244188390274,-1.3841508266326448
15436.0,14,3,1122.53,2,0.6318232922198596,-0.561427762944567
15437.0,264,1,200.16,3,-1.883493011875546,0.5326214707543373
15438.0,133,1,156.57999999999998,0,-1.4607222614506472,-0.5384997157947264
15440.0,56,3,383.68,0,-0.06852210147932127,-0.55454438142192
15442.0,221,1,594.0,3,-1.1727967953619336,0.5218060808660155
15443.0,14,7,3236.91,1,1.7865523680498563,0.0586886395548346
15444.0,10,2,1418.26,2,0.49961883664473306,-0.6524106602369235
15445.0,266,1,113.5,3,-2.168518665162309,0.38299125828701264
15447.0,332,1,155.17,3,-2.2895100995352413,0.977461686161013
15448.0,314,1,494.64,3,-1.6477843186367476,1.1780365958245873
15449.0,28,3,974.52,2,0.5044560498641897,-0.49592610278622296
15450.0,91,1,429.84,0,-0.7927962311936231,-0.5646997787708506
15452.0,61,3,538.73,2,0.07707531261082458,-0.41729484371495196
15453.0,58,7,1388.37,2,1.188780557687811,0.14688807622683894
15454.0,364,1,179.1,3,-2.3520598124755607,1.2633736322093287
15456.0,342,3,447.22,3,-1.17822694550421,1.6726855634269322
15457.0,264,1,237.07,3,-1.8007623747295922,0.581915509702478
15458.0,27,1,161.64,0,-1.0060872658712394,-1.3381494907316507
15460.0,356,1,216.76,3,-2.225670821118662,1.2578856108955467
15462.0,145,3,234.6,0,-0.6779805433083412,-0.018834398177304833
15463.0,61,1,126.14,0,-1.2678655319219165,-1.1507466036864118
15464.0,224,1,1048.85,3,-0.9063648236176205,0.7108545735731111
15465.0,5,18,7354.62,1,3.0191452844351385,0.617466534794073
15466.0,87,1,334.53,0,-0.899010268314313,-0.6683837930592327
15467.0,11,3,524.88,2,0.27143813660101923,-0.8064571118977247
15468.0,53,2,467.51,0,-0.22280093945518628,-0.6485806100340527
15469.0,33,2,538.55,0,-0.07061853041199026,-0.7598929741762965
15471.0,152,1,469.48,0,-1.0022698716363714,-0.07344749000938633
15472.0,115,1,371.56,0,-0.9635922278413158,-0.42408041479681124
15473.0,1,7,1771.2,2,1.5444243661859722,-0.21687282600228872
15475.0,79,1,454.10999999999996,0,-0.7161724888491773,-0.6402374939377244
15478.0,42,2,1441.42,2,0.37500526283027524,-0.40347870709987166
15480.0,118,1,905.5,0,-0.5393484127760955,-0.1410016641404799
15482.0,17,12,11054.96,1,2.821935086418274,0.6583368102154127
15483.0,268,4,233.81,3,-0.9847638164318074,1.018737468777011
15484.0,20,4,3594.31,2,1.382582380920771,-0.07536430179793488
15485.0,91,3,2575.0,2,0.7203303671982585,0.2689634069464141
15488.0,124,1,91.32000000000001,0,-1.6860100004630638,-0.7636294380691532
15489.0,6,3,1134.28,2,0.6700731285613889,-0.6194324224720601
15491.0,102,6,3100.09,2,1.2784853728451333,0.6577955099549263
15492.0,30,2,659.4599999999999,0,0.0411076573695312,-0.723620549659737
15493.0,151,5,2001.8,2,0.7195866989928973,0.8347578655687833
15494.0,23,2,1299.23,2,0.4027487299931,-0.5788370741521778
15497.0,19,2,1262.2,2,0.4051300733077299,-0.617815858341548
15498.0,6,27,13316.4,1,3.661716330841711,0.9724406559790568
15500.0,20,4,1131.56,2,0.8153027847751327,-0.41337091544887594
15502.0,17,12,10384.93,1,2.7912334511615056,0.6400436161058497
15503.0,364,1,147.09,3,-2.4481617408495104,1.2061124728168364
15504.0,83,1,52.83,0,-1.7810714071982827,-1.2343468199539098
15505.0,54,5,3610.96,2,1.4110136467990098,0.26709245773698315
15506.0,24,3,979.26,2,0.5234067691936931,-0.5250322268003474
15507.0,173,1,492.36,3,-1.0659444755962195,0.10070058760786996
15508.0,227,6,1000.27,2,0.20549575006610676,1.2808952111243685
15510.0,332,1,250.0,3,-2.0564852441704797,1.1163066980272995
15511.0,13,5,909.23,2,0.9039893916592231,-0.4490879520538134
15512.0,157,2,121.0,3,-1.3144056556706152,-0.2486602968696399
15513.0,6,19,14758.220000000001,1,3.4039833423746377,0.851841272526451
15514.0,14,11,4139.46,1,2.2787142807506644,0.3122096864494515
15516.0,46,3,62.43,0,-0.9122692201060614,-1.1582749853940004
15517.0,235,1,267.03,3,-1.6224168349531212,0.39529735060454163
15518.0,40,8,1942.45,2,1.5360545961548464,0.16047709110854405
15520.0,121,1,343.5,0,-1.0269018441542508,-0.40120615811446547
15521.0,36,8,3000.2,1,1.7660257674502857,0.25710492414967273
15522.0,89,2,398.84,0,-0.44976783043391705,-0.4202369513942455
15523.0,86,1,412.01000000000005,0,-0.7928391269147619,-0.6152224357830456
15524.0,26,1,440.0,0,-0.5120820681976052,-1.0539019514203591
15525.0,19,3,825.92,2,0.4605808362250393,-0.6129633891755757
15526.0,183,2,148.44,3,-1.3224839396446044,0.009111266592744279
15527.0,20,8,2429.78,1,1.72878582606138,0.07332524625992307
15528.0,256,1,229.33,3,-1.783852986172862,0.5111954052012105
15529.0,24,11,3995.23,1,2.2198767148790344,0.37814623822337423
15530.0,23,4,1502.35,2,0.9419585866086503,-0.3076063451349937
15531.0,90,2,2007.44,2,0.33872898263703693,0.05967865670477439
15532.0,27,4,1580.93,2,0.9504090045171761,-0.2621735884146346
15533.0,21,3,807.57,2,0.4412753236196409,-0.6042675036467696
15535.0,175,4,536.4,2,-0.19289986757425773,0.5513138989029536
15537.0,165,1,110.92,3,-1.761309973322082,-0.3944198019323456
15539.0,302,1,538.46,3,-1.556468992491008,1.1112526812942687
15540.0,13,1,213.3,0,-0.812630641203762,-1.364272600233007
15541.0,116,1,85.13000000000001,0,-1.6869522993426285,-0.8449862523327577
15543.0,290,1,127.86,3,-2.209917804944129,0.6007101578401185
15544.0,3,9,3546.71,1,2.0813973464541657,0.10141111699041866
15545.0,56,2,292.71999999999997,0,-0.4645324400434176,-0.7623151111650264
15547.0,32,14,4954.84,1,2.4968293981963283,0.6020967831842958
15549.0,79,3,1693.26,2,0.5642797356059781,0.05478950998830422
15550.0,39,4,575.63,2,0.4050924364238614,-0.46590076475849684
15551.0,275,1,436.06,3,-1.5479922875189123,0.8436190924895974
15552.0,189,1,90.12,3,-1.9617029897114315,-0.27143546041462097
15553.0,62,1,437.23,0,-0.6643093702593427,-0.7810256222471125
15554.0,161,1,217.2,3,-1.41687598329126,-0.2295906973973
15555.0,1,16,4805.17,1,2.7248415381608684,0.4126094929396914
15556.0,26,1,279.77,0,-0.7338125315426022,-1.1860173378501147
15557.0,30,1,473.65000000000003,0,-0.492541349071947,-1.001861174273668
15561.0,13,4,800.59,2,0.6745620636863218,-0.5679254912415297
15562.0,353,1,134.55,3,-2.4460445736158034,1.0962803451691239
15563.0,24,4,1400.44,2,0.903343785016212,-0.3205150830608593
15565.0,52,2,173.16,0,-0.704630244565806,-0.9457721318328948
15567.0,20,1,186.01,0,-0.9085221131469707,-1.3507124243641162
15568.0,46,3,758.29,2,0.30682947684243655,-0.4318899275467104
15569.0,40,5,1375.71,2,0.9953293730555965,-0.12197981071014598
15570.0,12,12,4165.52,1,2.363401326244641,0.3346279756349805
15571.0,13,4,650.4300000000001,2,0.5726970985670602,-0.6286204856386018
15572.0,27,7,2552.86,2,1.616152863250023,0.08845063248387587
15573.0,87,2,607.45,0,-0.23529943150891755,-0.3126474165352252
15574.0,179,4,702.25,2,-0.07738250574871186,0.6605411855045819
15576.0,303,1,940.6700000000001,3,-1.2870334605640197,1.2818919693760449
15577.0,34,3,258.88,0,-0.16998580922337025,-0.8371875232490916
15578.0,164,1,127.1,3,-1.6908573744299662,-0.3625409016306657
15579.0,304,2,348.6,3,-1.4063637299670568,1.181162293299789
15581.0,33,13,3679.9700000000003,1,2.283443305600149,0.4918126533966203
15582.0,26,3,682.9100000000001,2,0.33833426103788383,-0.6151065794429497
15584.0,25,4,725.11,2,0.5762846120787224,-0.505289874071393
15585.0,178,1,455.3,3,-1.1250057462491865,0.11600674950106109
15587.0,32,4,913.6800000000001,2,0.6606652688659743,-0.38431675371826934
15589.0,257,3,478.53000000000003,3,-0.7929480976820252,1.043798587679645
15592.0,48,1,388.58,0,-0.6641017710937583,-0.9222938015606921
15593.0,72,1,199.8,0,-1.0889968457805395,-0.9330762674486397
15594.0,17,5,1771.78,2,1.2147813995350933,-0.22350865439481785
15596.0,97,5,1406.59,2,0.7700956918840447,0.31948437191713436
15597.0,244,1,324.57,3,-1.564194071456818,0.5208834492098713
15598.0,55,1,240.68,0,-0.9275718972116079,-1.00858331851102
15599.0,28,2,761.74,0,0.12009992469364926,-0.6967528119252285
15601.0,13,14,6776.56,1,2.7292736487283404,0.5487068758975524
15602.0,23,9,1297.8700000000001,2,1.5050971808581073,-0.03998190022722648
15603.0,80,1,48.480000000000004,0,-1.8100238668188426,-1.2818960480129962
15604.0,54,1,216.39,0,-0.975446073118258,-1.0472079806954837
15605.0,32,5,1198.23,2,0.960691647947038,-0.22341363284177773
15606.0,3,9,2920.16,1,1.9859684672354019,0.04455098571053735
15607.0,163,1,104.76,3,-1.7808262334893523,-0.42624716625921394
15608.0,30,4,1093.68,2,0.7571709127182799,-0.34701388464093214
15609.0,127,1,298.48,0,-1.1205324053343175,-0.39639826582609794
15610.0,53,1,112.46000000000001,0,-1.2906295359227486,-1.2451056142254406
15611.0,11,13,1591.45,1,1.9630966008819135,0.0787507531728927
15612.0,92,2,195.15,0,-0.8119406504991649,-0.6057349406123633
15615.0,12,23,10399.74,1,3.374261697932251,0.87686458175695
15618.0,124,4,776.851,2,0.1999722173881619,0.27033152791868614
15619.0,12,1,336.40000000000003,0,-0.5855872253660606,-1.2390909756235355
15620.0,58,3,1553.18,2,0.608894097328062,-0.13071537999789062
15621.0,13,4,1293.03,2,0.9097534115534273,-0.42778960129820154
15622.0,45,9,3709.56,1,1.9294491332015122,0.4350502555645967
15623.0,142,1,301.03,0,-1.178507350616854,-0.27945063399669545
15624.0,118,4,588.13,2,0.08836032215231546,0.14323242660059468
15625.0,105,4,1534.26,2,0.612581535482731,0.32429077402786133
15626.0,76,2,675.8,0,-0.13744932213934788,-0.36543824073038617
15628.0,26,9,2870.2400000000002,1,1.882224292646314,0.21502293867682862
15630.0,47,2,1186.35,2,0.2587275396629114,-0.4222642690954172
15632.0,17,8,3285.31,1,1.889302570872089,0.1386689278279083
15634.0,19,1,243.55,0,-0.7726415211179531,-1.2798490540613265
15636.0,32,2,724.76,0,0.07912360988063813,-0.6807703697667697
15637.0,54,1,223.36,0,-0.959947876481194,-1.037973569659756
15639.0,136,1,425.32,0,-0.9843917184356591,-0.22438572493219
15640.0,18,15,12515.66,1,3.068933677042525,0.7952627434206833
15641.0,107,4,1887.2,2,0.7059142882747603,0.40010079324520964
15643.0,311,3,664.0,3,-0.8560714577083112,1.5515559648559831
15644.0,168,4,813.0,2,0.040006429651338625,0.6193923319816433
15645.0,20,1,612.01,0,-0.3254935871497864,-1.0033220033562458
15646.0,160,3,447.64000000000004,0,-0.4238170023920812,0.2840971354653049
15648.0,206,2,657.35,3,-0.6895582483927511,0.618518954994272
15649.0,163,2,816.0,3,-0.4054002349297861,0.35355599028485063
15651.0,262,3,646.3,3,-0.6663330762822769,1.1697376987189378
15652.0,93,1,337.74,0,-0.9191898822432175,-0.619811051623276
15653.0,117,2,877.4399999999999,0,-0.1792334199509598,0.02374141989750766
15654.0,11,2,922.53,2,0.284462029440361,-0.7705097943791823
15655.0,68,1,560.67,0,-0.5672913759456146,-0.6626221184159721
15656.0,47,4,748.5,2,0.5007176316146514,-0.32812830401251075
15657.0,24,1,30.0,0,-1.8076626222452747,-1.8460566282505675
15658.0,199,5,1024.1000000000001,2,0.19183390850938564,1.0050749579078069
15659.0,45,1,306.45,0,-0.7679423185875431,-1.0144641814412239
15660.0,27,9,1600.86,2,1.5914935662966232,0.051894008532385974
15661.0,224,2,309.8,3,-1.1327286906355838,0.5362508169778938
15663.0,108,1,138.14,0,-1.418274844819826,-0.7656934320243843
15664.0,52,1,386.43,0,-0.6833898027314582,-0.8933886609625251
15665.0,68,2,2242.01,2,0.48411152597045204,-0.07588416355605779
15667.0,41,1,301.32,0,-0.7596352309445984,-1.049912183301415
15668.0,189,1,76.32000000000001,3,-2.0423516750300266,-0.319488993813591
15669.0,42,4,684.34,2,0.47748250532550135,-0.39246976813599266
15670.0,298,1,173.05,3,-2.095429659700442,0.7497218768181418
15671.0,20,7,2657.13,2,1.6648027541540178,0.04674213797445042
15673.0,2,4,2881.02,2,1.3485503651961082,-0.2774314156387179
15674.0,67,5,2446.6,2,1.166056992813792,0.2524304846167504
15675.0,83,3,323.69,0,-0.26363126649993684,-0.3981134627766554
15676.0,20,3,3435.76,2,1.156030006836393,-0.18848908153873337
15677.0,51,1,657.23,0,-0.4189613863003066,-0.7459316406966824
15678.0,54,1,352.7,0,-0.73640621112953,-0.904779000652184
15679.0,26,4,781.28,2,0.6087335580114345,-0.47585614662828607
15680.0,11,3,1333.68,2,0.7288241933717922,-0.5339292204828612
15681.0,27,5,1426.16,2,1.0668571156536206,-0.21065333466304423
15683.0,119,1,193.75,0,-1.2987219118661495,-0.5833656623223255
15687.0,25,9,2993.1,1,1.9069432920107088,0.21965203268992733
15689.0,3,2,254.1,0,-0.3142048262684699,-1.2080134799961524
15690.0,102,2,239.76,0,-0.7527323682154554,-0.4694622130590885
15691.0,341,1,136.8,3,-2.3882489179718873,1.0095241446725953
15692.0,30,1,191.04,0,-0.9369136917155826,-1.2666350031891536
15694.0,27,14,6479.4,1,2.64925962627037,0.6424233733457265
15695.0,268,2,409.98,3,-1.1777949464986863,0.9537731027204142
15696.0,81,8,2736.46,1,1.5344384825626602,0.5735903541706541
15699.0,19,1,309.65,0,-0.6551502584012505,-1.2098433212370312
15700.0,174,2,696.68,3,-0.5285008283540507,0.39130162218618647
15701.0,75,4,1542.14,2,0.739373155401157,0.09685542228858544
15703.0,266,1,211.5,3,-1.8648462600921527,0.5639307491384494
15704.0,128,4,2293.62,2,0.7146542621698253,0.6173962119725763
15705.0,203,1,143.1,3,-1.794618903982093,-0.030488575419590998
15706.0,77,4,1060.56,2,0.5473820761182914,0.002658723603840231
15707.0,45,4,945.58,2,0.6236467737828855,-0.2750813164312439
15708.0,42,7,3364.2400000000002,1,1.6895019086318412,0.28364605901131035
15709.0,342,1,133.25,3,-2.4052087008536955,1.0095182849617408
15712.0,11,5,1072.3600000000001,2,0.9932312589998916,-0.4161131154276652
15713.0,145,2,356.7,0,-0.7364447731777325,-0.025482404793844508
15714.0,13,2,330.88,0,-0.22641676285143217,-1.0547118391778898
15716.0,147,4,1118.81,2,0.28363496297053464,0.5524676036426115
15717.0,236,1,150.3,3,-1.9073801093082459,0.23560488623698073
15719.0,153,13,5045.61,1,1.9412913912866365,1.4998759721930508
15720.0,26,1,598.73,0,-0.3611047307078131,-0.9639439502341882
15721.0,13,1,507.08,0,-0.38869342982046534,-1.1116747945056467
15722.0,110,5,2222.56,2,0.9407823154726612,0.5524783654385109
15723.0,425,1,203.1,4,-2.543323358081085,1.7654761834022532
15724.0,203,2,218.25,3,-1.217093064885816,0.27389552363647385
15725.0,17,1,415.25,0,-0.503163470245494,-1.1394826904582243
15727.0,10,7,5178.96,1,2.033869639747333,0.16565193450359839
15729.0,36,1,85.0,0,-1.3562874914466367,-1.4559172381156615
15730.0,124,3,1120.88,2,0.17541749815483126,0.27756458185556054
15732.0,36,2,294.12,0,-0.37934561230068486,-0.9135459735554113
15733.0,311,1,162.3,3,-2.180591835503114,0.8302714903962168
15734.0,116,2,1339.45,2,0.03244916229834218,0.13977047956484506
15737.0,16,8,1205.1200000000001,2,1.4012002463675843,-0.16226029590327926
15738.0,20,16,4812.42,1,2.646872709660372,0.5580416923306053
15739.0,245,1,449.12,3,-1.409255368711008,0.6233012010893043
15740.0,51,1,154.88,0,-1.1263572287643058,-1.167424807111618
15743.0,18,4,784.46,2,0.6438664611532543,-0.5357179927053543
15744.0,79,1,34.8,0,-1.964807352769489,-1.3842213158622059
15745.0,21,4,1094.59,2,0.7948622221007771,-0.41545075525444497
15746.0,136,1,196.88,0,-1.3613158625221804,-0.4489713691393832
15747.0,14,3,974.04,2,0.5622105061762603,-0.6029056906494861
15748.0,42,1,149.31,0,-1.106943018786835,-1.246751864009336
15749.0,40,3,44534.3,1,2.331223301102302,0.7137238712487991
15750.0,16,8,2465.48,1,1.7525161329085004,0.047066981048503057
15752.0,41,7,2637.38,2,1.5741461039235054,0.20481329311593532
15753.0,131,1,79.2,0,-1.7841224043607,-0.7513925773594285
15754.0,53,3,458.57,0,0.03126002561612715,-0.5253886794759788
15755.0,2,6,2364.25,2,1.55972275978077,-0.18457459295279666
15756.0,65,4,532.96,2,0.2596305429008861,-0.2899875458413908
15757.0,189,2,714.42,3,-0.5783087301220713,0.5131154870700435
15758.0,26,1,205.25,0,-0.8852869110662462,-1.2762714954569394
15759.0,220,3,253.04,3,-0.9516676893906866,0.5755489328529128
15762.0,79,2,583.75,0,-0.2216698444316142,-0.3853217506598399
15763.0,79,2,1086.92,2,0.08321619727127301,-0.20365912925475857
15764.0,1,6,3279.97,2,1.724576381858361,-0.09644799682545088
15766.0,184,1,315.06,3,-1.330197627468424,0.05434219282937806
15768.0,117,3,621.8299999999999,2,-0.08458330914349232,0.05195034138029465
15769.0,42,26,56252.72,1,4.1868291703902365,1.6524651440824805
15773.0,243,1,635.6800000000001,3,-1.230684148335048,0.70950184087185
15774.0,304,1,270.8,3,-1.9013957100597463,0.925931151829814
15775.0,129,1,104.9,0,-1.6393287850041287,-0.6853179082893658
15776.0,135,1,241.62,0,-1.2570721353625829,-0.3969584380797843
15777.0,7,4,1047.11,2,0.8311009931561276,-0.5352502011972438
15780.0,37,3,475.28000000000003,0,0.1150803612126617,-0.637036071012548
15781.0,27,3,345.46,0,0.00022320333996141495,-0.8064665009036457
15782.0,11,3,2614.7400000000002,2,1.0592551291804282,-0.33704598615353265
15783.0,12,1,246.3,0,-0.7381519134807472,-1.3299947802777718
15785.0,153,5,2328.9700000000003,2,0.7856075911816134,0.894294446471487
15786.0,48,3,4932.2,2,1.2175455603934502,0.13094795863739117
15787.0,28,3,948.05,2,0.49094663558450297,-0.503975522162682
15789.0,360,1,351.3,3,-2.0059840725669402,1.4291809533423747
15790.0,12,1,220.85,0,-0.7914843615905781,-1.3617722676152337
15791.0,45,2,1612.69,2,0.4176781376303406,-0.3477543373571791
15793.0,16,3,965.61,2,0.5496610364457895,-0.5901842995510268
15795.0,151,1,610.01,0,-0.8697767130690758,-0.004602480531036837
15796.0,19,8,2711.56,1,1.7867912056465918,0.09778762307674096
15797.0,97,4,2207.4,2,0.8242661633387232,0.36962511517546126
15799.0,77,3,884.14,2,0.2537236085716602,-0.15045040170594023
15800.0,109,2,699.08,0,-0.25754654616477185,-0.10371585614950751
15801.0,48,3,1063.95,2,0.4646789013181098,-0.3176384380773288
15802.0,144,1,451.42,0,-0.988351605581252,-0.1459498182935181
15803.0,53,1,415.82000000000005,0,-0.6516244150915842,-0.8643622233732485
15804.0,13,13,4206.39,1,2.43193675639856,0.3783022685734082
15805.0,25,17,5528.4800000000005,1,2.7466249410499817,0.6623745368837817
15806.0,48,3,784.58,2,0.31526020114295583,-0.40666774427039515
15807.0,52,3,903.9,2,0.36813070056313923,-0.33476782491653373
15808.0,192,4,3734.9700000000003,2,0.6889048143571532,1.248416574171806
15809.0,70,5,515.77,2,0.3898578331478674,-0.17976003851508754
15810.0,80,4,1391.98,2,0.668385666070991,0.1050554925540677
15811.0,24,6,2218.62,2,1.4373784575100754,-0.03528471834523094
15812.0,34,5,1801.14,2,1.1524240598094118,-0.08897337948106125
15813.0,209,2,1303.9099999999999,3,-0.36600716057076055,0.841601174864003
15814.0,18,4,1945.33,2,1.0894946555123983,-0.2701958798951351
15815.0,36,5,2100.6,2,1.2196308897304877,-0.028730172075942337
15819.0,51,4,1905.45,2,0.9426226124155574,-0.02442694399624074
15820.0,321,1,206.98,3,-2.1032467049386714,0.9773508373155397
15821.0,46,2,570.96,0,-0.09582519744583246,-0.6436196035190603
15822.0,182,2,885.47,3,-0.4440325356314687,0.5224263789644369
15823.0,667,1,15.0,4,-4.79614762965652,2.86721792593423
15825.0,174,1,532.94,3,-1.0312693669296327,0.13146074690614226
15826.0,58,3,1654.31,2,0.639852366873605,-0.11226927348413618
15827.0,75,14,1836.0900000000001,1,1.8313510056616014,0.639854660804617
15829.0,142,2,636.14,0,-0.44051476456214594,0.1205456148908205
15830.0,303,1,576.0,3,-1.5275743352668116,1.138568629253562
15831.0,1,3,801.76,2,0.5205855101826669,-0.7589998908554109
15832.0,256,1,836.79,3,-1.14973404525905,0.8890274254721672
15834.0,72,4,2233.75,2,0.933655557564766,0.18231795808136048
15835.0,46,4,954.09,2,0.62389946798668,-0.2648313320543176
15836.0,52,1,137.37,0,-1.1890154558944805,-1.1946595262675448
15837.0,184,1,391.98,3,-1.2232256750355899,0.1180801231958514
15838.0,13,19,33643.08,1,3.7796262370352425,1.1463594372930745
15839.0,82,3,1048.49,2,0.31664967371776626,-0.06245957679666688
15840.0,1,2,355.56,0,-0.14148052213266935,-1.1252966537899542
15841.0,74,4,1224.06,2,0.6301582585183167,0.02168164126229688
15843.0,100,1,118.95000000000002,0,-1.458014341074962,-0.8701670821360694
15844.0,48,1,130.73999999999998,0,-1.196558002320431,-1.2395513388616906
15845.0,19,8,3711.77,1,1.9409364072884479,0.18963315739793135
15847.0,290,2,389.27,3,-1.2943238047962686,1.1065280385386846
15850.0,21,2,238.85,0,-0.4190428759544441,-1.088690397257245
15852.0,188,2,160.71,3,-1.304445314488112,0.07035645903182744
15853.0,53,1,110.8,0,-1.2978675725057476,-1.249418309854763
15854.0,88,12,2974.65,1,1.883255843432878,0.8160950498362759
15855.0,96,5,712.24,2,0.4403889498594377,0.11293321997817368
15856.0,34,27,16387.57,1,3.64763091935003,1.2468317851820203
15857.0,20,1,297.0,0,-0.6797090142551399,-1.2143769361130103
15858.0,17,5,1438.85,2,1.1126302847563576,-0.28437414756895396
15860.0,42,8,977.21,2,1.1906399758743116,-0.025135149223225135
15861.0,14,8,3165.36,1,1.8834703616895614,0.10489561839945573
15862.0,114,4,832.88,2,0.27555539758704334,0.21437264576432405
15863.0,27,2,68.84,0,-1.0498055144863665,-1.403926088031903
15864.0,24,6,1936.3200000000002,2,1.370575606742431,-0.07508838046108775
15865.0,2,3,895.13,2,0.570477142450451,-0.719173151957015
15866.0,103,1,230.53,0,-1.1474860015972184,-0.654844307693558
15867.0,24,15,3812.64,1,2.4604322195718797,0.4932911052887027
15869.0,160,2,149.64,3,-1.223276871487311,-0.16406406578504806
15870.0,153,1,354.09000000000003,0,-1.1445957302195662,-0.1481511936096487
15872.0,16,2,360.93,0,-0.19627833660557575,-1.0064559674008855
15874.0,129,7,4405.88,1,1.461527675107594,1.0264599057426498
15877.0,19,2,493.28,0,-0.05565799862974776,-0.8923707989115369
15880.0,578,1,343.28000000000003,4,-2.9203756958112894,3.0860253590837186
15881.0,314,5,501.39000000000004,3,-0.6347913382363466,1.673973665046239
15882.0,200,4,516.36,3,-0.3151275890497246,0.7309714956250535
15883.0,152,2,396.48,0,-0.7136576831756921,0.05879094163261845
15885.0,124,3,379.35,0,-0.3557767827459493,-0.038941037768249004
15886.0,62,1,181.09,0,-1.095603467385463,-1.0380069384230142
15888.0,82,1,168.31,0,-1.214191414967037,-0.9066777250353153
15889.0,187,2,446.87,3,-0.8000326470503035,0.3608051619942789
15891.0,228,1,524.52,3,-1.262774761084548,0.538889747137184
15894.0,255,2,263.55,3,-1.3402724473931529,0.7256704146183539
15895.0,151,1,179.17,3,-1.4694989338848086,-0.36193963555380604
15897.0,196,2,222.05,3,-1.179656469069519,0.2255057243062623
15898.0,121,5,1388.88,2,0.6644557565396683,0.49892617863299404
15899.0,547,1,56.25,4,-3.672980247215823,2.324513127670415
15900.0,25,1,351.11,0,-0.6184839024778302,-1.1273996034782194
15901.0,18,3,363.88,0,0.06294534869028603,-0.8599890538511913
15903.0,11,7,5126.76,1,2.024753117791623,0.17031938594940058
15904.0,333,1,164.68,3,-2.2646229953599435,1.0023897826194097
15906.0,21,7,1567.69,2,1.4016694510059204,-0.09994320487152046
15907.0,178,3,967.45,2,-0.12050338038745967,0.6466124030482638
15909.0,175,1,191.94,3,-1.5352920171728215,-0.15875556907797483
15910.0,17,8,1232.18,2,1.4079537192441767,-0.1481369020115102
15912.0,180,2,264.62,3,-1.02759652159005,0.15451807143493418
15916.0,18,8,1528.09,2,1.509432567800113,-0.07757255082508051
15917.0,190,1,123.1,3,-1.8141435393737082,-0.17341454588784413
15918.0,273,2,334.23,3,-1.298555985848014,0.9323162115762651
15919.0,21,2,639.89,0,0.06361961101493908,-0.8011018538558378
15920.0,126,4,167.5,0,-0.5594800626287982,-0.16197999129132581
15921.0,174,1,336.03000000000003,3,-1.257224400615092,-0.00317179812514221
15922.0,698,1,369.5,4,-3.3814406556451666,4.023235793150375
15923.0,667,1,127.08,4,-3.7746529813217737,3.475863026678422
15925.0,196,1,207.15,3,-1.5850226653648214,0.023700844150172727
15930.0,276,1,426.63,3,-1.5628465446561117,0.844867784558369
15932.0,2,8,2495.87,1,1.8165261018953398,-0.056185336047019696
15933.0,23,3,1107.46,2,0.5879084786216328,-0.4966990912497073
15935.0,7,2,416.86,0,-0.08842796539730291,-1.0330894185616575
15937.0,184,1,145.35,3,-1.7083011694411,-0.17094618119280375
15938.0,114,5,404.58,2,0.08860363989145156,0.0851157960508213
15939.0,5,15,6115.01,1,2.7710946005120367,0.4865065149655844
15940.0,343,1,35.8,3,-3.0449196586727236,0.6384537493918057
15942.0,135,1,337.44,0,-1.0936134584840824,-0.2995635833750491
15944.0,130,1,325.1,0,-1.0911408838062764,-0.34858742809597976
15945.0,455,1,181.0,4,-2.723881121339072,1.9608756358023773
15947.0,84,1,1708.24,0,-0.08704647820490885,-0.21488335201951655
15948.0,45,2,955.24,2,0.1607068466011903,-0.5008675402229744
15949.0,18,2,364.72,0,-0.1994477490396349,-0.9881455838123844
15950.0,80,4,1765.51,2,0.7850486713579561,0.17456771831243126
15951.0,287,2,708.22,3,-0.9885562315748931,1.25841765085169
15952.0,183,4,806.57,2,-0.026026938002523762,0.7315384513371129
15953.0,6,8,1659.3799999999999,2,1.5995962554481469,-0.14504265507807662
15955.0,26,14,4416.26,1,2.465186703450291,0.5226463525351105
15957.0,122,1,428.89,0,-0.9223003255262132,-0.32878120213316636
15958.0,76,1,104.35,0,-1.4223290677431952,-1.0912905191743212
15963.0,21,2,470.76,0,-0.08684344740743948,-0.890753428145591
15965.0,19,4,845.64,2,0.6765584105248864,-0.5061394746333351
15967.0,25,2,418.83,0,-0.1606846573774175,-0.8943531320672595
15969.0,51,3,666.1,2,0.2225483158027009,-0.43161072908424886
15970.0,100,1,314.1,0,-0.9837146072122476,-0.5875613829574926
15971.0,2,12,4199.85,1,2.4088568819296605,0.2607179166562306
15973.0,486,1,307.82000000000005,4,-2.592637711057921,2.352157426014549
15974.0,6,7,3442.15,1,1.8498746234024868,0.015623074441384275
15975.0,86,1,371.01,0,-0.8441828538963945,-0.6458149679438967
15976.0,167,2,430.94,3,-0.7349663839972702,0.19758570706201803
15977.0,19,2,1054.73,2,0.31702125352939414,-0.6703144216750518
15978.0,79,1,1098.78,0,-0.28287304833558663,-0.3820613184151945
15980.0,2,3,2398.86,2,1.0542377415002133,-0.430930311894455
15981.0,7,8,3408.48,1,1.9487976814011077,0.07312416600109167
15983.0,23,4,1475.02,2,0.9329487632452825,-0.3129747382613053
15984.0,72,10,2837.67,1,1.773368969472275,0.6053976028086733
15985.0,125,2,1142.42,2,-0.08290796401690559,0.16193112244826088
15986.0,91,1,168.12,0,-1.252026065034886,-0.8383262622171531
15987.0,14,7,1451.28,2,1.3928016631237494,-0.175922905261905
15988.0,21,1,158.03,0,-0.9922548725395296,-1.3905041459800027
15990.0,46,2,792.11,0,0.06470781376449411,-0.5479679709430484
15992.0,182,1,41.989999999999995,3,-2.3016146742360624,-0.5446636203551058
15993.0,18,7,2797.57,2,1.6983719063766005,0.04654506777074909
15994.0,56,1,427.07,0,-0.6509733915043847,-0.8336760600534747
15996.0,2,6,1060.68,2,1.166346341735641,-0.4189631235063177
15998.0,89,5,3089.97,2,1.1895287181831302,0.4886030570218694
16000.0,152,3,12393.7,2,1.2391466549140238,1.1941583477008608
16003.0,61,5,2735.37,2,1.245680666441501,0.23927675958289057
16005.0,14,4,615.39,2,0.5414022539800006,-0.6371677166527625
16006.0,6,1,101.4,0,-1.146295889367828,-1.6337788974166325
16007.0,5,4,1701.94,2,1.077744147852667,-0.4084897313755068
16008.0,25,3,478.78,0,0.16838696916962934,-0.726467015704871
16009.0,24,4,992.71,2,0.7345029095387067,-0.421116855015584
16010.0,129,3,407.5,0,-0.3414260286432976,0.020106781779301558
16011.0,3,16,3362.71,1,2.541308852120053,0.32345262448345924
16012.0,156,3,1415.29,2,0.15729540973295597,0.5899481849457767
16013.0,3,47,37130.6,1,4.671434937437364,1.4909598215059308
16014.0,65,3,662.38,2,0.1618060103916146,-0.326411414586924
16015.0,28,3,705.39,2,0.34593143817437255,-0.5903810550560896
16016.0,16,8,1508.76,2,1.5114700730315607,-0.09655736748524742
16017.0,49,1,211.88,0,-0.9650284916159503,-1.091497890209808
16018.0,5,2,408.90000000000003,0,-0.08958799554887649,-1.053979447597146
16019.0,48,9,3786.2400000000002,1,1.9270664406322933,0.46392881619290016
16020.0,18,3,851.01,2,0.4794021765121537,-0.6118483432381063
16022.0,262,1,628.28,3,-1.315134451694394,0.8510721326895166
16023.0,48,3,719.81,2,0.27300373037852566,-0.4318457458854192
16024.0,14,1,251.24,0,-0.7367239361374176,-1.3089450981831254
16025.0,61,1,439.65999999999997,0,-0.657451213152688,-0.7870386927848123
16026.0,45,1,236.09,0,-0.8955625400921605,-1.090505130555643
16027.0,70,6,934.62,2,0.8225780495288544,0.0629672758199749
16029.0,31,63,81024.84,1,5.202160457266339,2.061782694894665
16030.0,284,1,331.24,3,-1.719938058250865,0.8320620832657496
16031.0,124,2,548.94,0,-0.4382266580718491,-0.05988059805968073
16033.0,6,20,8816.4,1,3.1956967886504817,0.7229557979591928
16034.0,40,3,437.7,0,0.06229007663612875,-0.6381922579627849
16036.0,89,2,758.92,0,-0.13441661144685169,-0.2323387820175539
16037.0,131,3,855.02,2,0.013596259508407855,0.2518413120769034
16038.0,179,3,471.78000000000003,3,-0.4767884744000257,0.4444237041860538
16040.0,150,3,1313.55,2,0.14554210868286604,0.5223486064273837
16041.0,91,3,3166.4,2,0.8218250253398937,0.32943775845703427
16042.0,23,5,1197.27,2,0.9975816094973762,-0.29232797676641425
16043.0,6,4,773.99,2,0.6869873458560807,-0.6312179761011846
16045.0,3,4,1340.7,2,0.9689448603994281,-0.493515296227266
16048.0,698,2,256.44,4,-3.1888154194793623,4.098281572491282
16049.0,42,3,1111.79,2,0.5111140219096693,-0.35056715678264
16050.0,175,1,137.9,3,-1.6966756622564518,-0.25491404145031604
16052.0,56,1,362.06,0,-0.7318646539043716,-0.881874130041435
16053.0,94,2,1511.95,2,0.18303507088719503,0.00730802089207171
16054.0,147,1,783.9,0,-0.7302169510770478,0.03815481935203065
16055.0,281,1,134.8,3,-2.1468737463827,0.5473794129447471
16056.0,47,1,664.85,0,-0.39673863659447295,-0.7730881654042553
16057.0,6,7,2263.12,2,1.644010441455763,-0.10703858214668219
16059.0,73,6,1459.8600000000001,2,1.0289647492276144,0.2162385270966268
16062.0,7,4,1153.62,2,0.8786297916912278,-0.5069307475223709
16063.0,262,1,335.32,3,-1.6228072831162923,0.6677490366925757
16065.0,455,1,372.09,4,-2.3713721115306465,2.170913820669867
16066.0,18,5,1521.87,2,1.136016974764463,-0.260340054552903
16070.0,24,2,852.15,2,0.19168098024960967,-0.6944997933858668
16071.0,46,1,326.24,0,-0.7414501858330488,-0.9885797483217641
16072.0,290,1,584.3199999999999,3,-1.4666901395069674,1.043553278010467
16073.0,299,1,122.39999999999999,3,-2.268462893169711,0.6567215592203484
16076.0,24,10,2234.73,1,1.8549570156084152,0.16923870090705737
16078.0,342,1,79.2,3,-2.658207282865762,0.8587721722063755
16079.0,18,3,1352.0,2,0.7065210082817165,-0.4765223633432132
16080.0,69,2,217.16,0,-0.6644345558724721,-0.7501318884149283
16081.0,58,5,2806.9,2,1.2707807546532173,0.22393408147929184
16083.0,102,2,1317.62,2,0.08238183327153481,0.0281303765110797
16084.0,301,1,436.18,3,-1.65556461355396,1.042108347079958
16085.0,1,5,981.51,2,0.9912259532332426,-0.5183021486005026
16086.0,31,5,1121.39,2,0.9323147361552037,-0.2504210885134676
16091.0,126,2,315.06,0,-0.7185139669127472,-0.20668752590450068
16092.0,116,3,817.86,2,0.05394023008572367,0.12438847946825925
16093.0,108,1,17.0,0,-2.4226023086884023,-1.3641096757344846
16094.0,13,4,1078.23,2,0.8206143674027736,-0.4809020112317839
16096.0,266,1,320.62,3,-1.6613254749375694,0.6851961213906546
16097.0,242,1,185.04999999999998,3,-1.830702846690383,0.3418886137066658
16098.0,89,7,2005.63,2,1.2408873706529084,0.49101729219449247
16099.0,52,3,731.9,2,0.26460199735165174,-0.39645413732041634
16101.0,72,1,1290.7,0,-0.17488402332879383,-0.38841331515642497
16102.0,44,3,1842.14,2,0.7506317552782783,-0.18765460367011377
16103.0,81,6,1429.64,2,0.985558687871617,0.2711709129724599
16104.0,92,1,302.36,0,-0.9692204582651945,-0.6597205784593341
16105.0,221,1,336.96,3,-1.450572531775338,0.35629680350539145
16106.0,215,1,108.38,3,-1.9797126306255008,-0.019581374596565133
16107.0,19,7,3204.1600000000003,1,1.7608470364170496,0.0938695300121344
16108.0,86,1,842.5,0,-0.44215936614789453,-0.40627418659852854
16109.0,220,2,611.88,3,-0.7827003312921725,0.7044132580893102
16110.0,47,3,1337.48,2,0.581087428978956,-0.2583772593262852
16112.0,71,4,195.73999999999998,0,-0.25554534049564154,-0.5363522813557701
16113.0,96,1,161.38,0,-1.2927111407579106,-0.8120708691824549
16114.0,172,1,135.75000000000003,3,-1.6919087866030733,-0.2823720157291788
16115.0,5,8,1667.97,2,1.6062729368149355,-0.15116385571724444
16116.0,6,1,612.78,0,-0.26688096760544905,-1.1097902651466711
16117.0,280,1,232.21,3,-1.8771725756327562,0.6979781394239236
16119.0,74,2,423.36,0,-0.358400702205511,-0.5172882591594058
16120.0,31,4,1309.14,2,0.8412629694265232,-0.2868092408626704
16121.0,59,2,867.11,2,0.055227198040668085,-0.42232442482821486
16122.0,40,4,684.4200000000001,2,0.48582499154035147,-0.4076978389413583
16123.0,53,1,307.78,0,-0.7989631604340733,-0.952152213902024
16124.0,319,1,249.0,3,-2.00459210532958,1.0159341354144253
16125.0,517,1,289.35,4,-2.751343864640495,2.5706763125773815
16126.0,61,4,6287.77,2,1.4873208710688346,0.4011190519578663
16127.0,41,1,656.25,0,-0.37826725889232116,-0.8226787385165911
16128.0,19,5,1880.22,2,1.2356528709309518,-0.19087380402179313
16131.0,53,6,3506.54,2,1.5419548749211522,0.3199090308606714
16133.0,18,33,14589.04,1,3.8346764146285213,1.1776663690908762
16134.0,23,2,618.09,0,0.038339292945903505,-0.795965983134031
16135.0,264,1,517.55,3,-1.4184646254781457,0.8097029508669995
16136.0,31,3,709.38,2,0.33626976381934676,-0.5658395867557391
16139.0,20,3,635.41,2,0.32783964411184674,-0.6819561864105977
16140.0,215,2,725.18,3,-0.6786848504989199,0.7158925128444726
16141.0,2,1,620.4,0,-0.24425138449668468,-1.1367043831437276
16142.0,251,1,535.34,3,-1.348045772005578,0.7203687088823644
16143.0,36,6,2424.94,2,1.4313168356956891,0.08229657387684844
16144.0,160,1,175.2,3,-1.517724163296611,-0.29977927243636265
16145.0,4,11,3799.4900000000002,1,2.27806525340175,0.2108287751943794
16146.0,205,3,734.13,3,-0.3677211372856541,0.7719950541331743
16147.0,135,1,375.0,0,-1.0419302676276239,-0.26876878581356245
16148.0,298,1,76.32000000000001,3,-2.493893152551599,0.5123022749194543
16149.0,144,2,280.52,0,-0.8499133101853292,-0.10319066529732122
16150.0,2,5,2053.02,2,1.34923273114889,-0.29488876617991744
16152.0,270,1,1829.04,3,-0.8240309225215439,1.2244855249088669
16153.0,51,5,1824.23,2,1.08825227303296,0.044480779335013085
16156.0,26,9,3122.04,1,1.9235065318884674,0.2396204563470851
16157.0,17,3,656.69,2,0.35641959699285325,-0.6952254296844899
16159.0,283,1,348.2,3,-1.6913455906165733,0.838999136003061
16160.0,87,2,1025.44,2,0.021508430746483415,-0.15963159070672056
16161.0,16,19,5575.56,1,2.8845840504321933,0.6433577491484689
16162.0,341,1,37.4,3,-3.015733997942603,0.6356448293606086
16163.0,234,2,856.6,3,-0.6757064780194673,0.9095561125424942
16164.0,19,3,822.48,2,0.4585336433550729,-0.6141831840248339
16168.0,4,27,3787.6,1,3.052667688833724,0.5893476276349047
16169.0,41,4,1822.97,2,0.9623288967195532,-0.1136793916006595
16170.0,52,6,1885.05,2,1.2414119009694036,0.1307347536666955
16171.0,31,1,73.2,0,-1.4080508225971666,-1.537256884412894
16172.0,7,5,1140.21,2,1.0399028909093089,-0.4287020725066247
16173.0,17,6,1418.32,2,1.2467827533782596,-0.2195447764194384
16174.0,34,3,1009.5500000000001,2,0.49692580653113855,-0.4398163884907268
16175.0,170,4,1037.59,2,0.15137913093856412,0.7059512340122086
16177.0,52,1,331.95,0,-0.7578106112206189,-0.9377313900744115
16178.0,140,1,197.9,0,-1.3753613147811703,-0.4169425016971096
16179.0,62,1,215.83,0,-1.009853413288105,-0.9869138167899352
16180.0,102,8,10254.18,1,2.0960493191289813,1.1203071188224907
16181.0,75,1,305.54,0,-0.893675480864832,-0.7863981606537316
16182.0,74,4,6617.65,2,1.458574601518625,0.5152833937193751
16183.0,276,1,338.71000000000004,3,-1.6758782089461528,0.7775192489480766
16184.0,6,6,1158.79,2,1.1931814689114073,-0.362576062480641
16185.0,18,2,529.41,0,-0.016870107183350285,-0.8793589275118224
16186.0,6,12,4006.94,1,2.3692007769995893,0.27748698973685376
16187.0,53,15,6911.4400000000005,1,2.632366029141063,0.888618933319952
16188.0,37,4,981.86,2,0.6752578239880458,-0.32512485998876905
16189.0,17,2,215.48,0,-0.4528166615806349,-1.1492117731111717
16190.0,42,1,215.08,0,-0.9287033484320468,-1.140549935006032
16191.0,13,13,5180.52,1,2.5342086552103233,0.4392397294373119
16193.0,238,1,314.45,3,-1.5548457963275408,0.465856986938822
16198.0,77,1,400.68100000000004,0,-0.769214780384146,-0.6920409342749869
16200.0,166,2,1080.6200000000001,2,-0.28004055687041707,0.45854828109009377
16201.0,22,4,1863.47,2,1.051822924582064,-0.2522444418212614
16202.0,362,1,365.27,3,-1.9951719820063865,1.4558220445979053
16203.0,1,4,592.9,2,0.5770026290208254,-0.7472481234336547
16204.0,25,1,405.71,0,-0.5476903081329038,-1.0852181055796701
16205.0,91,4,761.38,2,0.32681155063901524,0.012626346712714535
16206.0,56,4,537.0600000000001,2,0.30067018553373165,-0.35642935301349865
16207.0,27,1,394.38,0,-0.5698502047430511,-1.0782229698716932
16208.0,46,2,664.26,0,-0.02161750912707997,-0.5994038594557985
16209.0,2,5,2262.62,2,1.3969499648244146,-0.2664570357298168
16210.0,11,18,21086.3,1,3.5115062809137316,0.9714303342894279
16211.0,2,1,547.02,0,-0.30596302227509614,-1.1734745082285354
16212.0,21,2,690.34,0,0.1008312324531498,-0.7789297640499473
16213.0,80,1,159.0,0,-1.2336809524355872,-0.9384891669687757
16214.0,172,3,1062.75,2,-0.04955498768932344,0.6282896179082432
16215.0,82,1,242.35,0,-1.0360398944313125,-0.8005283190242679
16216.0,269,1,914.9300000000001,3,-1.1597961277043887,1.0143245117481052
16217.0,237,2,304.25,3,-1.1954309247456008,0.6301829122914531
16218.0,61,7,3084.68,2,1.5682021831334165,0.4032600730484054
16221.0,99,3,864.86,2,0.15177177628636981,0.010990076890518702
16222.0,320,1,846.72,3,-1.409072871279327,1.3808664117692198
16224.0,58,4,1295.3,2,0.7241979210400764,-0.08387668923407877
16225.0,46,5,1096.32,2,0.8590825804449972,-0.1425642790324378
16226.0,205,3,255.12,3,-0.8855244544754721,0.4634682765622404
16227.0,227,1,314.22,3,-1.5096355812705227,0.3817013251214014
16229.0,36,2,1010.6,2,0.2256282914535154,-0.5530796674437246
16230.0,280,2,542.03,3,-1.0906791190833152,1.1268730391820743
16232.0,45,4,990.88,2,0.6466034674305469,-0.26140285111504025
16233.0,72,3,536.6800000000001,0,0.029638108940270518,-0.33446610584299835
16235.0,40,5,867.31,2,0.7689856170222843,-0.2568439712011454
16236.0,80,1,432.2,0,-0.744545149733112,-0.6470435775094769
16239.0,58,2,414.2,0,-0.30283580800228804,-0.645771310091195
16240.0,26,2,3718.8,2,0.9065171974034658,-0.2483745314053406
16241.0,1,13,2607.87,1,2.24694457617332,0.14688390360744644
16242.0,20,7,3603.21,1,1.8143289575017658,0.13583549861892336
16243.0,56,2,409.1,0,-0.3006201411422452,-0.6646499713225872
16244.0,6,2,1522.75,2,0.5510754315200204,-0.6621485556180396
16245.0,25,3,1413.66,2,0.6994081839340149,-0.41006451542308964
16247.0,172,1,114.56,3,-1.7745905256396801,-0.331636919336534
16248.0,92,1,152.94,0,-1.302353271944907,-0.8582136936937861
16249.0,54,5,1800.07,2,1.0692807483613145,0.06347508711610875
16250.0,263,2,389.44,3,-1.1822602118829078,0.9006154307979571
16253.0,245,2,3683.86,2,-0.005342914909580768,1.4200776638066241
16255.0,18,8,2619.91,1,1.774054494339093,0.08009918969749896
16256.0,268,1,752.4300000000001,3,-1.2515648205011165,0.9495458381860663
16257.0,178,1,46.95,3,-2.231421873089471,-0.5432377762372904
16258.0,47,5,5203.51,2,1.6193937196435386,0.3205572397959393
16260.0,52,1,1035.45,0,-0.20014911089824114,-0.6054556012602514
16261.0,18,4,746.83,2,0.6197570815577259,-0.5500832718546108
16265.0,11,9,5447.0,1,2.2589068398170253,0.28797333595153973
16266.0,75,7,861.89,2,0.8844425979595882,0.1372421563788931
16268.0,72,2,667.65,0,-0.12682854464395485,-0.399507658771631
16270.0,355,1,1141.24,3,-1.4076228509013404,1.7352100755356217
16271.0,17,5,1429.24,2,1.1093416291262734,-0.2863336528297486
16272.0,118,1,411.7,0,-0.9257705049137922,-0.3712465446029924
16274.0,698,1,357.95,4,-3.396993565592803,4.01396878185729
16275.0,198,1,559.87,3,-1.1065270493936537,0.3290054476463078
16276.0,178,1,810.6000000000001,3,-0.8422094944332497,0.2845074395998171
16278.0,102,1,566.38,0,-0.7031719317503408,-0.4002046195359787
16279.0,23,3,1509.58,2,0.7399108827232501,-0.40613031665200544
16281.0,74,1,2062.06,2,0.046773285521647105,-0.2361426776896791
16282.0,254,1,168.3,3,-1.9267445874169429,0.4058563518787514
16283.0,33,5,1570.81,2,1.0894118826449997,-0.13661783468707106
16284.0,52,2,823.97,0,0.05919384931456189,-0.4906568815195034
16287.0,171,1,142.5,3,-1.6641053152962506,-0.2759050768098908
16292.0,64,1,302.25,0,-0.853406255438245,-0.8734978507500006
16293.0,23,10,2248.9900000000002,1,1.8622219202718668,0.1634679859295044
16295.0,1,4,1328.55,2,0.9727626374518368,-0.5114393596827171
16297.0,270,1,301.9,3,-1.7073453446422402,0.6981734230129907
16298.0,24,3,598.2,2,0.2816824805098211,-0.6690606896788925
16302.0,217,1,233.22,3,-1.6140676473994378,0.2184825587226261
16303.0,27,3,5360.63,2,1.3454376424743861,-0.004936919555114907
16305.0,140,1,361.21999999999997,0,-1.080979101898281,-0.24153845830882884
16306.0,39,6,632.27,2,0.7593204809885898,-0.2878059815643278
16308.0,109,4,2560.0,2,0.8472997431250641,0.5045424276481764
16309.0,108,2,706.57,0,-0.24817783468217133,-0.1082330435481597
16311.0,19,2,616.26,0,0.05345584176818265,-0.827356650780806
16313.0,51,2,274.15000000000003,0,-0.4758927147644905,-0.8195810901249226
16315.0,332,1,226.37,3,-2.1050411765145665,1.087375239226734
16316.0,99,8,2938.91,1,1.494910351674469,0.7318275537588994
16317.0,3,3,1341.65,2,0.7648886451488879,-0.5932360146916791
16318.0,244,1,328.15,3,-1.558823498123772,0.5240834396872317
16319.0,189,1,404.40000000000003,3,-1.228658145859246,0.16534034997632577
16320.0,67,2,1038.46,2,0.1105501591469654,-0.3085655576576439
16321.0,74,5,373.65000000000003,2,0.21535098151492865,-0.24334013461141332
16322.0,121,2,326.75,0,-0.6799652206743924,-0.23421582475083436
16323.0,198,1,207.50000000000003,3,-1.5924827698398683,0.039454671330075373
16324.0,179,3,428.68,3,-0.5237312459686373,0.4164534275163064
16325.0,48,3,594.24,2,0.179004226804942,-0.4878542011580103
16326.0,17,14,3110.96,1,2.3304582659537223,0.35147528318587673
16327.0,16,6,3844.22,2,1.7403691656899543,0.06445323475264704
16330.0,19,3,251.91,0,-0.12119792272585576,-0.9596091517644955
16332.0,30,7,1593.2,2,1.3723080246617354,-0.02654307526364503
16333.0,125,22,26626.8,1,3.328825450922863,1.995196372786012
16337.0,275,1,151.05,3,-2.0665124950971023,0.5346651645431186
16338.0,218,1,214.79999999999998,3,-1.6584346161657797,0.20214646229344813
16339.0,286,1,109.95,3,-2.2668371994927106,0.5263977538126038
16340.0,109,1,549.07,0,-0.7473857319788091,-0.3558529346187349
16341.0,26,4,1971.87,2,1.063005181715212,-0.20518395208947854
16342.0,77,4,322.41,0,-0.03631176424338383,-0.34512811683614597
16343.0,17,2,370.47999999999996,0,-0.18763093513105392,-0.9912040993030418
16344.0,248,1,101.10000000000001,3,-2.1502416657610426,0.2120918317493917
16345.0,46,1,575.41,0,-0.46343307688657603,-0.8229266520875457
16347.0,13,2,887.65,2,0.2572700796857311,-0.766512946031855
16348.0,80,7,1469.45,2,1.1254972824307525,0.3313687418927539
16349.0,292,1,53.5,3,-2.6407964816020773,0.3641752041210231
16350.0,23,4,1116.47,2,0.7962879059925791,-0.3944024396848586
16351.0,40,1,153.9,0,-1.0838859807428398,-1.2532124489594836
16352.0,19,2,494.44,0,-0.05450684113492031,-0.8916848957885457
16353.0,10,23,6675.71,1,3.1648715253388184,0.731903167490895
16354.0,75,2,395.8,0,-0.395519702422369,-0.529305742118427
16356.0,161,3,211.77,3,-0.7943153103972441,0.07343966677006092
16357.0,67,3,658.88,2,0.15092300341322237,-0.31269708202638385
16358.0,81,4,2027.5,2,0.8488189545338866,0.22266388171926957
16359.0,10,9,1750.92,1,1.7058928204465822,-0.051632727766584764
16360.0,2,6,3512.53,2,1.7540645146529203,-0.06877843370145541
16361.0,11,4,896.66,2,0.7384354505372264,-0.5500661536428024
16362.0,31,5,734.77,2,0.7249294293458193,-0.3739890887586329
16363.0,55,1,109.36000000000001,0,-1.312519103361994,-1.2379494061851453
16364.0,13,2,707.04,0,0.14569358402435212,-0.8329944372009106
16365.0,4,9,1540.42,2,1.6678850542123762,-0.13487570846336538
16366.0,20,1,327.3,0,-0.6321548781992846,-1.1860423853860895
16367.0,303,2,804.49,3,-0.9923294663433139,1.4177601290215882
16368.0,30,2,497.43,0,-0.09712042174298414,-0.80598206107271
16369.0,20,3,1553.66,2,0.7664638733904986,-0.420607300585928
16370.0,66,4,1320.56,2,0.7005346643412624,-0.01718079451448091
16372.0,183,2,367.93,3,-0.8786822687039715,0.27354506774916915
16374.0,245,2,473.03000000000003,3,-1.0124245639453662,0.8200203725283386
16376.0,19,2,987.01,2,0.284464639680514,-0.6897128821057988
16377.0,269,1,676.2,3,-1.3080914465204407,0.9259645586070587
16378.0,190,3,362.95,3,-0.6508320911467848,0.4518155583041383
16379.0,20,4,2157.4,2,1.131998577789553,-0.22467159807236717
16380.0,92,1,1780.59,2,-0.09982792646130575,-0.14170366474504714
16383.0,76,2,668.36,0,-0.14287769386334967,-0.36867266967254275
16384.0,32,2,584.5,0,-0.026339008405153033,-0.7436089818299302
16385.0,62,3,555.89,2,0.08830314109760248,-0.4005054597217504
16386.0,30,2,317.2,0,-0.3175121783961045,-0.9372997954827779
16387.0,324,1,94.36,3,-2.4986160224114675,0.7720731208693744
16389.0,55,4,1382.07,2,0.7684440216344524,-0.08781144987624942
16392.0,271,1,221.19,3,-1.8636611450648621,0.6151339835631625
16393.0,13,13,3046.21,1,2.2735040194185503,0.28390205872641955
16394.0,58,5,1555.34,2,0.9809900206668549,0.051265814671042464
16395.0,62,5,1486.9,2,0.9423349049151513,0.06863131491876275
16398.0,126,2,1705.8,2,0.10967740057090661,0.28678017764079694
16399.0,21,2,408.57,0,-0.156264834587833,-0.932117313177288
16400.0,185,1,303.93,3,-1.3519456128491107,0.051483341184532835
16401.0,16,12,4098.32,1,2.338845889597265,0.360394597340267
16402.0,266,2,299.6,3,-1.3231043190462526,0.8469934499185693
16403.0,314,1,177.5,3,-2.1493129880732673,0.8792068681966273
16404.0,72,1,443.05,0,-0.6992561375911667,-0.7008540301743255
16405.0,70,2,167.25,0,-0.7961507621615971,-0.8185139603748173
16406.0,20,1,163.07,0,-0.9727902106959126,-1.389005784756245
16407.0,14,10,2126.93,1,1.872114216425443,0.07846741306371981
16409.0,4,5,2028.88,2,1.3351418458655617,-0.28308580869830285
16411.0,21,2,214.65,0,-0.4712734749721087,-1.1198113612807574
16412.0,55,1,151.83,0,-1.1526315892448462,-1.142682385162359
16413.0,58,1,262.2,0,-0.8981100436299924,-0.96073057428643
16414.0,23,2,126.25,0,-0.7386088192831869,-1.2589010193690116
16415.0,46,1,210.35,0,-0.9561430078361657,-1.1165018421772384
16416.0,28,3,1051.4,2,0.5417089123719424,-0.47372943999312483
16418.0,46,3,675.27,2,0.24996577307131662,-0.4657714704083226
16419.0,99,6,972.23,2,0.7217974242265475,0.2958015411513641
16422.0,19,51,34684.4,1,4.645006913792466,1.6289611081117485
16423.0,26,1,346.12,0,-0.6296358190685746,-1.1239449170475977
16424.0,339,1,133.56,3,-2.391648278624484,0.9872998379288324
16425.0,70,1,302.7,0,-0.8775335531235495,-0.8272772884287726
16426.0,23,10,1908.25,1,1.7815778451961708,0.11541719948741576
16427.0,265,2,241.06,3,-1.4253287660215646,0.7759848430272122
16429.0,108,1,284.55,0,-1.065214081329843,-0.555326491469682
16430.0,59,1,300.85,0,-0.834965773873197,-0.9130074133237825
16431.0,67,3,642.81,2,0.13881556011476948,-0.3199111541296051
16432.0,184,1,287.4,3,-1.375173222776494,0.027544034090185406
16433.0,30,1,184.26,0,-0.9545650668742542,-1.2771523593292344
16434.0,49,7,1522.25,2,1.2712417908716707,0.10512681749911706
16438.0,28,5,798.35,2,0.7780591630088705,-0.372630645219193
16440.0,53,5,3640.67,2,1.419179123123418,0.26185833737615577
16441.0,275,2,381.2,3,-1.2424462330760346,0.9859473611988113
16442.0,121,3,616.79,2,-0.10514373189740864,0.08009734328397317
16444.0,48,4,654.67,2,0.4308927283297368,-0.35963319955880163
16445.0,183,1,230.51,3,-1.4789350135074912,-0.044380580287439894
16446.0,90,2,168472.5,1,2.5139619998840206,1.3557646627183109
16447.0,137,1,259.01,0,-1.2313624244975507,-0.3614407818556079
16448.0,200,1,188.89000000000001,3,-1.6466817135768084,0.0273597324125765
16449.0,199,2,707.69,3,-0.62437611050079,0.5866609977832281
16450.0,151,1,311.92,0,-1.1983956740285155,-0.20040607179377384
16451.0,89,1,266.97,0,-1.0177097549862637,-0.7189105921110294
16454.0,46,2,6.9,0,-2.198763320242801,-1.8966295803164355
16455.0,154,7,1841.18,2,0.9296280733282832,0.9620195198996124
16456.0,105,5,2158.37,2,0.9471097989348253,0.5057514209991825
16457.0,220,1,208.36,3,-1.6815981589775997,0.20854358767946793
16458.0,2,18,3482.7400000000002,1,2.664554728992445,0.3758898275299666
16460.0,30,3,814.72,2,0.40831556958198995,-0.5330113936136128
16461.0,179,1,151.42,3,-1.6676310225764972,-0.19721046940532105
16462.0,75,3,136.0,0,-0.6542451060023624,-0.7116513016654853
16463.0,23,4,1422.4,2,0.9151218436908776,-0.32359669038394995
16464.0,21,3,1314.68,2,0.680357195752348,-0.461813492372659
16466.0,5,7,1603.46,2,1.4790230125669774,-0.2154437446754154
16468.0,76,1,74.9,0,-1.583342651787229,-1.1872284951993795
16469.0,25,4,650.43,2,0.5229861102160613,-0.537047134952395
16470.0,53,4,762.39,2,0.48487984194833983,-0.2769685396586881
16471.0,69,1,223.95000000000002,0,-1.0207968929714468,-0.9227384180304392
16473.0,163,3,316.11,3,-0.6066384057905636,0.20546349570189373
16474.0,19,7,1871.5,2,1.4968935899058957,-0.06340390485652418
16475.0,2,4,544.3,2,0.5309335207652152,-0.7645984188727005
16477.0,69,7,2494.46,2,1.4308041452974023,0.4021884885783473
16478.0,27,3,331.0,0,-0.020713038197428042,-0.8189411045254096
16479.0,12,2,300.83,0,-0.26888305889857517,-1.0901142822471894
16480.0,77,1,769.29,0,-0.44946335397821047,-0.5015209550903638
16482.0,17,1,220.62,0,-0.8127066658876394,-1.3239202201148192
16483.0,194,1,139.35,3,-1.7702847570753955,-0.10688414803315131
16484.0,175,2,404.3,3,-0.7993692607397583,0.24000739712847857
16485.0,79,1,363.65,0,-0.8249980548719128,-0.7050798773054989
16488.0,116,3,498.8,0,-0.18851219421568036,-0.020073834118178112
16491.0,48,1,731.5,0,-0.3540319983220361,-0.7375425173576554
16493.0,81,4,1351.63,2,0.6498078152907202,0.1040855268631414
16494.0,298,1,826.53,3,-1.3297737400815408,1.205928598107904
16495.0,130,3,684.41,2,-0.09141839605547926,0.1791701935020449
16496.0,209,3,1599.52,2,-0.0022074416541788093,1.030179600592248
16497.0,51,6,2965.69,2,1.4679985516679674,0.2556442203509345
16498.0,163,2,100.97,3,-1.4273339626797656,-0.2553507305621536
16499.0,362,2,365.45,3,-1.6235168173430599,1.6375406185973413
16500.0,18,6,400.86,2,0.622971488488629,-0.5811356742952447
16503.0,97,4,1431.93,2,0.6118477382450002,0.24305819291908165
16504.0,27,1,484.38,0,-0.4691356353591074,-1.0182134247125194
16505.0,122,1,777.6,0,-0.6306100104269324,-0.15498109313687536
16506.0,21,2,90.30000000000001,0,-0.8933661235152496,-1.3713101067854274
16509.0,298,1,363.7,3,-1.7321562600595422,0.9661738917969458
16510.0,667,1,248.1,4,-3.4479818725287843,3.6705060140358747
16511.0,23,3,950.26,2,0.5128017862267278,-0.5414504959034492
16513.0,21,4,874.59,2,0.6847847725292265,-0.4810390581333306
16515.0,4,5,1627.13,2,1.2268351617061917,-0.3476190226499504
16516.0,91,1,101.69999999999999,0,-1.4969787605955156,-0.9842783318732282
16517.0,161,1,162.7,3,-1.5580030431293914,-0.31367953104213625
16518.0,92,2,484.32,0,-0.3670503146871544,-0.3406524717987987
16519.0,27,2,215.07999999999998,0,-0.49515072946744887,-1.073441813781003
16520.0,188,3,1046.57,2,-0.12336330454375276,0.7459025484379687
16523.0,17,21,9418.470000000001,1,3.225178823484297,0.8470578765143411
16525.0,10,26,13027.45,1,3.601060028305228,0.9802603325017549
16526.0,173,1,290.36,3,-1.3245902185919418,-0.0534103169958121
16527.0,83,1,228.06,0,-1.0699015022728982,-0.8106049245507514
16528.0,182,1,244.41,3,-1.4461584862582657,-0.03495050676925355
16529.0,307,1,455.25,3,-1.6594526858854364,1.1003882044494238
16531.0,24,7,1244.59,2,1.2759814189034862,-0.1445346236746677
16532.0,19,3,6748.8,2,1.4916486723207159,0.0013857784853577044
16533.0,21,3,1095.56,2,0.5908930126347771,-0.5151196323855891
16535.0,243,1,593.75,3,-1.2641399899986352,0.6895675865387398
16536.0,112,1,548.97,0,-0.7599027644622325,-0.33301279655888294
16539.0,152,4,1388.81,2,0.3690008961318816,0.6538289496320374
16542.0,55,1,119.62,0,-1.2688627188955213,-1.2119372831015438
16545.0,166,1,339.3,3,-1.2193419800746428,-0.06139537786687986
16546.0,292,2,787.15,3,-0.9574482844181125,1.327450039061687
16549.0,12,10,4154.64,1,2.209092502563696,0.25905296681195056
16550.0,110,5,2298.97,2,0.9573744759390562,0.5623646014507073
16551.0,163,3,922.12,2,-0.0819062116564236,0.5181187599102232
16552.0,37,2,379.73,0,-0.25840407062574844,-0.831385014561512
16553.0,69,12,5719.82,1,2.2829641013126953,0.8623673569028285
16554.0,10,3,837.1,2,0.5044591227400964,-0.677713825086481
16555.0,111,2,285.89,0,-0.7039288096294969,-0.34948843257107143
16556.0,107,7,3313.79,2,1.4128161730935644,0.7752485209230824
16557.0,26,2,281.85,0,-0.3587739835135463,-1.0022828162264321
16558.0,23,20,8338.49,1,3.0979070462990115,0.8363791088495073
16560.0,28,2,841.41,0,0.16888928366059947,-0.6676822687245433
16561.0,31,2,511.12,0,-0.08795658753532652,-0.7904224828430515
16563.0,55,1,1077.74,0,-0.19293714745224724,-0.5708601821182935
16565.0,425,1,173.7,4,-2.6197070404488874,1.71996389988148
16566.0,17,5,614.66,2,0.6954026332108167,-0.5329741440762097
16567.0,163,2,865.6,3,-0.3764563144435404,0.37080187153249267
16569.0,182,1,124.2,3,-1.7766691476945553,-0.2318812446393537
16570.0,17,10,3738.4,1,2.1365495855194445,0.26632625448558717
16571.0,28,3,1421.69,2,0.6897601033729743,-0.3855149474267465
16572.0,34,3,1009.6,2,0.4969501039624046,-0.4398019111632882
16573.0,86,2,663.61,0,-0.18780086096108906,-0.29444539346131077
16574.0,73,1,451.44,0,-0.6942065489532853,-0.687745874880054
16581.0,66,1,105.84,0,-1.374006289033329,-1.1634921783590446
16582.0,115,1,313.62,0,-1.0466019993904379,-0.4735407725672919
16583.0,698,1,233.45,4,-3.606167760936792,3.8893348942439046
16584.0,82,2,936.08,2,-0.0025084451069662763,-0.22443885075296682
16586.0,221,1,463.95,3,-1.2939144660138862,0.44963959719815194
16587.0,234,1,225.15,3,-1.7017102298453737,0.33795193081653024
16589.0,73,3,459.24,0,-0.05087619409161483,-0.37234014957474104
16591.0,304,1,213.5,3,-2.0176640046412806,0.856654109620834
16592.0,14,16,4113.68,1,2.594702704110611,0.4663603144390557
16593.0,52,3,330.03,0,-0.12571450131107129,-0.6290194523105376
16594.0,77,1,181.09,0,-1.1577422028242117,-0.9235402500652556
16595.0,92,1,360.16,0,-0.8835743731243058,-0.6086894054581815
16596.0,17,2,250.15,0,-0.37986452548405947,-1.1057441344932026
16597.0,213,1,90.04,3,-2.061556312538599,-0.08854577135865724
16598.0,287,1,145.04999999999998,3,-2.1359948566946616,0.6144579841407669
16600.0,18,6,813.52,2,0.9699224791725626,-0.37440916718884715
16601.0,42,1,244.79999999999998,0,-0.865417149801706,-1.1028416270830539
16602.0,275,1,528.08,3,-1.454160603481164,0.8995275545429761
16603.0,76,2,482.47,0,-0.30264455926445,-0.4638678036325303
16607.0,1,14,3347.71,1,2.4327473219551354,0.2508322529641403
16609.0,4,7,5493.46,1,2.087671295335481,0.13711247563674386
16610.0,250,1,75.66,3,-2.2992590933677337,0.14350045816001555
16611.0,188,1,129.49,3,-1.7812014082637515,-0.173985218957586
16612.0,3,4,1187.66,2,0.9094688347414617,-0.5289533591554177
16613.0,72,1,618.59,0,-0.5356646659543282,-0.6033800513359505
16614.0,66,1,506.19,0,-0.6091112837701785,-0.7077388385876962
16616.0,17,2,500.42,0,-0.04032969826137902,-0.9034364577393362
16617.0,237,1,151.85,3,-1.9065173175845584,0.2462183897640703
16618.0,122,5,2647.59,2,0.9769713307715561,0.6952341833658804
16619.0,265,1,226.21,3,-1.8278338575850963,0.5758847171550018
16620.0,182,2,178.96,3,-1.2270778322992026,0.05585840990600585
16621.0,53,4,813.48,2,0.5166929007861123,-0.2580131173930281
16623.0,129,1,129.45,0,-1.5369396083979077,-0.624310568885091
16624.0,82,2,810.5699999999999,0,-0.07312585700509418,-0.2665153724940237
16625.0,69,1,333.08,0,-0.8265706298741128,-0.807011073141496
16626.0,24,17,4413.1,1,2.6401305038030287,0.5888217084800585
16627.0,81,1,322.8,0,-0.8916302859962619,-0.724583038543915
16628.0,61,5,2188.05,2,1.1360873311111257,0.17397691025740553
16629.0,75,2,417.73,0,-0.36910216654591743,-0.5135651762611823
16633.0,5,6,2883.1,2,1.6446919944554568,-0.10364845415632698
16634.0,340,2,217.9,3,-1.785411423124301,1.3188904648060156
16637.0,62,4,1154.47,2,0.6511491540940209,-0.08700422566577036
16638.0,24,10,1680.72,1,1.715119488556405,0.08591821961120404
16639.0,122,3,1257.51,2,0.24013973460196358,0.2959296961109301
16641.0,107,1,231.10000000000002,0,-1.162848816286925,-0.6236003745538452
16642.0,209,2,688.33,3,-0.6794041178449248,0.6548674284425058
16643.0,129,1,487.51,0,-0.8885223979802326,-0.23795909949432398
16644.0,36,2,833.78,0,0.13128040861489423,-0.6092957002432383
16647.0,171,2,214.06,3,-1.0940062442562437,0.024053873275319174
16648.0,44,1,290.65999999999997,0,-0.7896917037031596,-1.0375227063494412
16650.0,73,1,518.42,0,-0.6264081599254258,-0.6473490334600559
16652.0,1,7,6773.97,1,2.202979241671652,0.17551904720917888
16653.0,18,2,1212.66,2,0.3896254238732527,-0.6371535338219549
16654.0,143,4,601.27,2,-0.0043713481572535545,0.3404648848872561
16655.0,10,6,3794.52,2,1.758835908366065,0.014859899916697377
16656.0,4,15,8625.8,1,2.944153474097658,0.5795221099133138
16657.0,11,4,933.62,2,0.7582501705199224,-0.5382597949313334
16658.0,547,1,123.24,4,-3.2924917481895717,2.5512225492022536
16659.0,280,1,39.12,3,-2.7415182441757113,0.18296833749715385
16660.0,18,4,1267.6499999999999,2,0.8793130198516292,-0.3954300385075904
16665.0,364,1,135.39999999999998,3,-2.4885431082201097,1.1820517286401206
16666.0,21,1,118.98,0,-1.1306275267283503,-1.4729518006850886
16667.0,286,2,570.13,3,-1.0907581239250588,1.1874224828580469
16668.0,16,6,306.71999999999997,2,0.5001787658431204,-0.6744990564681627
16669.0,25,3,1374.8700000000001,2,0.6857544963214598,-0.41819989830152254
16670.0,18,11,4095.9,1,2.2569500609533364,0.3396394205985145
16671.0,30,3,1692.27,2,0.7669792323379473,-0.3193060340140748
16672.0,7,20,8134.9400000000005,1,3.1520532084651047,0.7070507237741905
16674.0,56,2,319.61,0,-0.4215139095543304,-0.7366830455775252
16676.0,67,4,1592.1200000000001,2,0.7881672569090953,0.04513343428065898
16678.0,3,12,3109.99,1,2.257218181523871,0.18046527008444269
16679.0,486,1,129.75,4,-3.014713438912387,2.1006687624954083
16680.0,44,1,183.7,0,-1.0140479170415544,-1.1712026138188967
16681.0,74,6,1770.34,2,1.1194601455159612,0.28025852249732225
16682.0,59,5,1028.0,2,0.7736602400849459,-0.06216968132595279
16684.0,13,28,66653.56,1,4.455735485304899,1.5128049416454181
16685.0,92,2,324.24,0,-0.5636056909735607,-0.4577675903132997
16686.0,49,7,3062.83,2,1.614423362465936,0.3096073623135748
16688.0,12,4,1260.86,2,0.9015330829523994,-0.44278700324437575
16689.0,77,2,422.59999999999997,0,-0.3717087422887005,-0.4949194333095922
16690.0,74,2,225.57999999999998,0,-0.6665503045585875,-0.7008954332882409
16692.0,258,2,1276.0,3,-0.5796112522730672,1.209199349237363
16693.0,273,2,482.01,3,-1.1192007548567176,1.039182833749622
16696.0,67,4,657.9000000000001,2,0.3545969482718402,-0.21320413470260513
16697.0,7,1,112.75,0,-1.0988171451877096,-1.5953898483931623
16698.0,228,2,1998.0,3,-0.23526101747815809,1.1113936390093082
16700.0,4,13,5076.55,1,2.5615377546614173,0.3646286626907964
16701.0,10,13,5398.3,1,2.566854901277978,0.4283933372574297
16705.0,7,20,14034.99,1,3.4198596719961896,0.8666199317397401
16706.0,116,3,531.35,0,-0.15752793521470243,-0.0016122421050651808
16708.0,47,1,656.63,0,-0.40283890470549105,-0.7767229355961991
16709.0,86,5,3029.87,2,1.1923138385711167,0.459964278090607
16710.0,21,10,2483.04,1,1.9191053503629143,0.17716244322931235
16711.0,28,5,1651.03,2,1.13456966500646,-0.1602082201399989
16712.0,11,11,3645.43,1,2.2287452877511633,0.2521380138561992
16713.0,7,15,6923.13,1,2.823754620959573,0.5380821837478017
16714.0,220,3,1161.53,3,-0.20479122093658808,1.0205661477025234
16715.0,79,1,301.71999999999997,0,-0.9164040316159519,-0.7595430113167165
16716.0,268,2,901.2,3,-0.791656909198343,1.1838487325800189
16717.0,25,6,3858.38,2,1.7048910297615871,0.13420879771775396
16718.0,578,1,623.75,4,-2.6277384574995675,3.260389680702144
16719.0,16,7,1790.42,2,1.4875829373540708,-0.09924980225045509
16720.0,28,1,155.24,0,-1.029944990711618,-1.342265404846751
16721.0,264,1,292.47,3,-1.6980216224976112,0.6431323311461435
16722.0,19,13,4730.81,1,2.464767001677287,0.4584602866923723
16723.0,93,2,589.15,0,-0.2751517557071053,-0.27579641905874874
16725.0,70,7,781.02,2,0.8568291056939986,0.07029189640398968
16726.0,28,5,1382.02,2,1.047286064954769,-0.21221508638582984
16727.0,425,1,272.82,4,-2.399011940652216,1.8514623775959476
16728.0,48,4,1054.67,2,0.6647846086539423,-0.22027158146785314
16729.0,7,21,7239.92,1,3.1374336217256262,0.6937817742913296
16730.0,54,3,743.11,2,0.26377134808636543,-0.3767502302839019
16732.0,122,1,603.75,0,-0.7546991304678121,-0.2289180786038704
16734.0,54,3,650.51,2,0.1985077167181569,-0.4156367673340872
16735.0,80,5,2300.56,2,1.081991324895953,0.3336334390156696
16737.0,55,1,417.59999999999997,0,-0.6578168907989503,-0.8478530950860234
16738.0,299,1,3.75,3,-3.8680756780249457,-0.29638816698045106
16739.0,178,1,323.0,3,-1.2931575411146365,0.015815557806574586
16742.0,48,1,464.9,0,-0.5762453359853552,-0.8699456185479346
16743.0,6,7,2238.09,2,1.6385512034856233,-0.11029140236432985
16744.0,13,7,1304.76,2,1.3447173376375465,-0.21467278250474126
16745.0,3,17,7194.3,1,2.967081923139037,0.5715439033399632
16746.0,3,18,6697.66,1,2.981485703935758,0.5748286948084496
16747.0,276,2,836.06,3,-0.8615998997643532,1.2229694135401186
16748.0,19,5,1515.9,2,1.1299454330825165,-0.2538582888289885
16750.0,46,5,623.93,2,0.582606939999043,-0.30729891010159494
16751.0,91,1,1764.72,2,-0.1000794405427488,-0.1519529459604947
16752.0,667,1,207.5,4,-3.535353897891404,3.6184464606493267
16753.0,1,1,223.92000000000002,0,-0.7391667895749056,-1.4416930976602345
16754.0,666,1,2002.4,4,-2.420046230657069,4.272889482428253
16755.0,116,3,1496.83,2,0.35048812314413735,0.30108291691857497
16756.0,97,1,239.4,0,-1.1041681954628666,-0.6896304401160646
16757.0,320,1,106.83000000000001,3,-2.421692651172286,0.7775092929108348
16758.0,215,1,369.34000000000003,3,-1.380785495910292,0.3372820380913396
16759.0,91,3,789.79,2,0.14037532048813,-0.07659571899461017
16761.0,246,1,316.62,3,-1.584619800299213,0.5289118675859776
16762.0,21,3,1501.38,2,0.7455229766447384,-0.42298525833248873
16763.0,200,1,611.85,3,-1.0712866065079851,0.3702018740532972
16764.0,11,13,2799.25,1,2.2402835861309063,0.24390923034835582
16765.0,296,1,34.0,3,-2.874846221128393,0.265117206050816
16766.0,38,2,1145.6,2,0.278860584249675,-0.5011630171773181
16767.0,66,11,5580.6,1,2.2099724141402657,0.7964205059027823
16768.0,49,3,478.09000000000003,0,0.06825822209099736,-0.5437414348227027
16769.0,262,1,380.39,3,-1.5610484166568224,0.7045473024097281
16770.0,59,5,770.1,2,0.6319693724862878,-0.14659445293362194
16771.0,77,5,2246.81,2,1.0828143077423336,0.30382554441294335
16773.0,59,1,171.59,0,-1.1094892857769754,-1.0765788924614488
16774.0,118,4,661.52,2,0.14601590073338244,0.17758579838883193
16775.0,12,11,1695.66,1,1.8488780217150265,0.035898166032561137
16776.0,62,1,388.28,0,-0.7224762367469362,-0.8156836386851131
16777.0,82,2,226.35,0,-0.6980249014572875,-0.6388538301507452
16778.0,69,2,245.94,0,-0.6035806322895174,-0.7138728218498637
16779.0,10,22,10629.720000000001,1,3.354301990886366,0.8489430009457475
16780.0,102,2,425.19,0,-0.47227980732281843,-0.3023579825506501
16781.0,667,1,311.25,4,-3.3370207788842636,3.736620825435086
16782.0,12,13,2279.9,1,2.135399996468589,0.19151504503738623
16784.0,21,1,107.6,0,-1.179566194075427,-1.5021113074591141
16788.0,125,2,597.48,0,-0.4008311288768497,-0.027499509440553342
16789.0,333,1,80.8,3,-2.611223231710959,0.7958722681951013
16790.0,18,6,1545.6200000000001,2,1.2848216538080413,-0.18678034291382684
16791.0,40,7,1721.78,2,1.3689744967008923,0.07246487908785625
16792.0,311,2,110.38000000000001,3,-1.9970882852142386,0.8998822246993726
16793.0,59,1,243.84,0,-0.9377628037251257,-0.974257767099427
16794.0,5,10,1222.71,2,1.6376971674477037,-0.1521018969683396
16795.0,455,1,414.88,4,-2.3180512614324917,2.202684397473831
16796.0,32,1,305.62,0,-0.7154162932669114,-1.1144596463807586
16800.0,13,1,1201.49,0,0.03438376816989689,-0.8595894172467441
16801.0,38,4,1619.73,2,0.9167401623447952,-0.17114114063113192
16803.0,215,1,332.3,3,-1.4325355718879507,0.3064473878479055
16804.0,25,3,536.99,2,0.22462253545243832,-0.6929597408881062
16805.0,175,2,460.59,3,-0.7355035641385993,0.2780609918343141
16806.0,105,4,801.49,2,0.29399555463587823,0.13446521133467668
16807.0,128,3,1121.59,2,0.15915786313062327,0.3082741555605647
16808.0,68,2,288.42,0,-0.5214859933427606,-0.6750571542792838
16809.0,25,5,914.69,2,0.8572153840262574,-0.3557646373047256
16810.0,194,1,309.54,3,-1.3802760949012634,0.12549774634784916
16811.0,19,2,547.07,0,-0.004928235335693301,-0.8621440895096092
16812.0,362,1,479.35,3,-1.8620164271201447,1.5351611544508106
16813.0,52,10,1692.98,1,1.6026943001061114,0.30171479469515083
16814.0,7,21,6509.1,1,3.085185123447419,0.6626501452122012
16816.0,105,4,417.06,2,-0.026239890058369335,-0.05634316423100621
16817.0,38,9,1604.75,2,1.5471162848125923,0.13654596363853858
16818.0,12,11,3349.57,1,2.183047798660204,0.2350091431542053
16820.0,216,1,497.61,3,-1.2388773083394429,0.43193571677240433
16823.0,229,1,358.38,3,-1.4535344970015314,0.4353273097223951
16824.0,17,2,460.64,0,-0.08092235852216507,-0.9276230982020913
16825.0,158,2,775.1800000000001,0,-0.409857839155616,0.30040288316998076
16826.0,53,1,341.7,0,-0.7477788848811827,-0.921654688926055
16828.0,114,2,128.5,0,-1.1069764122632113,-0.5593411613806676
16829.0,187,1,197.22,3,-1.5717444940825198,-0.0592822964048406
16830.0,334,1,325.91,3,-1.9350093855791493,1.2088854428492257
16832.0,127,3,199.15,0,-0.6834949023435638,-0.20390961484365971
16833.0,101,4,1106.53,2,0.46877866819029707,0.19820991472023808
16834.0,229,1,413.46,3,-1.3835073087723995,0.4770521539044327
16835.0,278,2,180.85,3,-1.6196350689885433,0.7915022624749983
16836.0,41,2,251.87,0,-0.47593475489887604,-0.9206003354672662
16837.0,31,11,3170.98,1,2.077439668575891,0.36397280252446884
16838.0,199,2,588.85,3,-0.7145151916710197,0.5329527280147263
16839.0,2,34,16594.35,1,3.990754814556689,1.1062328529850727
16841.0,67,6,1869.82,2,1.175291497768106,0.24282901395503897
16842.0,70,3,1264.19,2,0.4581537498923608,-0.09933913806646125
16843.0,7,16,10196.57,1,3.0694061229996006,0.6785106070369195
16846.0,52,1,214.32,0,-0.971859477622952,-1.0652697908560622
16847.0,45,1,193.44,0,-0.992953145291601,-1.148534132283439
16848.0,54,1,281.42,0,-0.8469273123622566,-0.9706316479507413
16849.0,188,1,124.57,3,-1.8000754851234821,-0.18523110696147493
16850.0,71,1,332.41,0,-0.8358416633221002,-0.7923362658556016
16851.0,44,3,342.45,0,-0.07448584372756001,-0.6792908398377858
16852.0,12,2,144.91000000000003,0,-0.6258417938635483,-1.3028037814613629
16855.0,25,2,328.4,0,-0.27981122201375425,-0.9653332395524946
16856.0,16,1,35.400000000000006,0,-1.6956623563819835,-1.8601179957800291
16858.0,547,1,375.69000000000005,4,-2.7477738290342013,2.875786063384112
16859.0,146,2,747.81,0,-0.37777648671449493,0.19832512940937358
16861.0,31,2,173.76,0,-0.6159470730187986,-1.1050191601266242
16863.0,122,2,502.8,0,-0.4729754041210103,-0.10078405291652093
16866.0,65,3,207.73999999999998,0,-0.4060181324437801,-0.6647424897271026
16869.0,24,4,825.42,2,0.6439747069946266,-0.47505697799856417
16871.0,23,6,2812.34,2,1.557926650481119,0.026443029382830482
16872.0,79,3,680.02,2,0.11669780919287442,-0.211896710186303
16873.0,92,6,7123.62,1,1.7283991456156438,0.824876936037921
16875.0,146,5,2095.53,2,0.7627606755360272,0.8099854536665507
16877.0,14,6,853.72,2,1.010150924563646,-0.3908372182013463
16878.0,85,1,13.3,0,-2.440328156845987,-1.6069580570575694
16880.0,65,7,1519.08,2,1.2039374173785542,0.22661504318465583
16881.0,245,1,432.0,3,-1.4282980174585187,0.6119548715864925
16882.0,241,3,705.12,3,-0.5366263469270451,1.0349340559248545
16883.0,219,2,276.73,3,-1.16726322426829,0.46517673909850044
16884.0,303,2,429.84000000000003,3,-1.299609808535419,1.2346708929349246
16885.0,17,3,471.51,0,0.19402933297422517,-0.7919836836456055
16887.0,244,1,194.88,3,-1.8137034996064902,0.3722163061363843
16889.0,68,3,1578.67,2,0.5754572312157292,-0.04964413173860352
16891.0,121,5,809.7,2,0.39972293213677274,0.3411883609736765
16892.0,17,5,525.54,2,0.6186124736026231,-0.5787286220924034
16893.0,486,1,145.93,4,-2.9574186592815983,2.134807156639075
16895.0,184,1,219.14,3,-1.50780845043965,-0.0514850451466701
16897.0,301,2,289.78,3,-1.4844054422988449,1.1043638340180137
16898.0,28,3,508.81,0,0.18577336309984346,-0.6858092865183346
16899.0,21,6,1281.56,2,1.1804555318958785,-0.2186673621423191
16900.0,18,3,887.11,2,0.49978100541924686,-0.5997058671189933
16902.0,118,1,1706.88,0,-0.2282851802737917,0.04434156090022119
16903.0,61,1,373.24,0,-0.7376832771943653,-0.8348439874881856
16904.0,61,16,3754.27,1,2.3551155004594704,0.7982779298941666
16905.0,21,7,3102.43,1,1.736722305125914,0.099693942991113
16906.0,83,4,579.77,2,0.22633205085506267,-0.12803849209219226
16907.0,60,5,981.65,2,0.7468835649928873,-0.0680248162709393
16909.0,74,1,379.14,0,-0.7838551078912888,-0.7310624533477991
16910.0,11,8,1510.06,2,1.5326056606946923,-0.13446108403207424
16912.0,30,11,2575.38,1,1.9794504401876505,0.29548769886223186
16913.0,292,1,113.44,3,-2.276483212482638,0.5812468126185578
16914.0,275,1,208.46,3,-1.909205678847921,0.6283945082844826
16915.0,11,6,621.6800000000001,2,0.867031023986813,-0.5064117205149934
16916.0,25,2,576.26,0,-0.004301317508516207,-0.8011740304396715
16917.0,130,1,391.52,0,-1.000101403243525,-0.2943426663547939
16918.0,51,6,1068.82,2,0.9671106593053249,-0.042803708089608976
16919.0,7,11,2596.45,1,2.078729684348122,0.12235537167374466
16921.0,92,1,169.79,0,-1.251343118421351,-0.8278199172007474
16923.0,14,19,7247.61,1,3.021650844434074,0.704828483773936
16924.0,23,3,846.75,2,0.45622769687057413,-0.5751594755557862
16926.0,639,1,230.25,4,-3.3685044023422805,3.435077943735925
16927.0,117,3,543.05,0,-0.15099428119575292,0.012380175407166688
16928.0,33,17,2847.6,1,2.387762553857468,0.5293461267513713
16929.0,19,7,1295.39,2,1.3163251449147695,-0.17099340576287742
16930.0,28,3,380.55,0,0.0434580607351169,-0.7706061199490603
16931.0,21,21,4604.22,1,2.8571919621231388,0.6681950814777964
16932.0,55,1,161.94,0,-1.1211745637228439,-1.1239391009961972
16933.0,121,2,563.23,0,-0.41320114643097144,-0.0752677117014836
16934.0,56,2,950.9300000000001,2,0.11291998957111016,-0.41824713903157146
16936.0,27,1,262.68,0,-0.7687952056930492,-1.1967619170342283
16938.0,5,4,2736.38,2,1.3108364333744333,-0.2696045420743505
16940.0,54,3,3049.88,2,0.9566941266278155,0.03611933789331661
16942.0,14,9,1920.59,1,1.7347189362345095,0.005940639488307093
16943.0,6,3,816.73,2,0.5089461372263463,-0.715437970845318
16945.0,1,19,4345.5,1,2.8243431957407115,0.4559726778258316
16947.0,237,1,406.48,3,-1.424988901015623,0.5331312111788215
16948.0,140,3,435.02,0,-0.3549773939000678,0.12312598229223047
16949.0,42,6,1286.27,2,1.0952614407074108,-0.05734140796308433
16950.0,58,3,1178.56,2,0.4734489208494785,-0.21141873289113775
16951.0,131,3,1277.75,2,0.21069157723842558,0.36927814810101506
16952.0,111,2,167.61,0,-0.9649469947907297,-0.5050129278413232
16953.0,91,1,20.8,0,-2.2581163807721727,-1.43779287966634
16954.0,18,9,2085.08,1,1.7584834616736265,0.06049812000037587
16955.0,127,4,518.67,2,-0.010531263162014347,0.17520386083533948
16956.0,19,1,308.74,0,-0.6565909327337275,-1.2107017294290463
16957.0,241,2,416.64,3,-1.0580508600479366,0.7524368231772449
16959.0,89,1,117.35000000000001,0,-1.4190405793054557,-0.9580386584182912
16960.0,62,3,507.05,0,0.04322726454319342,-0.42736336981586226
16961.0,118,1,234.17,0,-1.2019641633737843,-0.5358131601524073
16963.0,219,1,110.55000000000001,3,-1.986635612809684,0.01669132958366446
16965.0,228,1,201.19,3,-1.7318519458810842,0.25939583998581695
16966.0,17,7,2154.97,2,1.5744055479089898,-0.03741819133750831
16967.0,280,1,319.02,3,-1.721770794772978,0.7905723911132687
16968.0,109,2,439.43,0,-0.48513767031229243,-0.23932324568509863
16969.0,41,3,650.41,2,0.25228590482453384,-0.514886146382599
16971.0,334,1,357.21,3,-1.8901070411945364,1.2356399559210036
16976.0,269,1,251.51999999999998,3,-1.7925376072979204,0.6373132349684828
16978.0,79,1,344.33,0,-0.8517316362392755,-0.7210087550055604
16979.0,19,6,1852.0,2,1.3694353063632578,-0.1262649126254779
16980.0,257,2,1078.96,3,-0.6577698200057096,1.1525301023417052
16982.0,62,1,384.06,0,-0.7278289497722678,-0.8188729873164239
16983.0,5,7,1931.25,2,1.570315141502974,-0.1610484454890874
16984.0,2,2,4481.35,2,1.0975159783497301,-0.3769563132885066
16985.0,2,10,5464.12,1,2.3850368420043093,0.26289305470316626
16986.0,61,2,1873.2,2,0.42489220379266396,-0.18186521022264693
16987.0,43,7,1625.05,2,1.3281690089929563,0.07844968686468662
16988.0,243,1,126.12,3,-2.0218927794489083,0.2380698487620296
16989.0,4,6,1133.25,2,1.1905314330252075,-0.3843538932211501
16990.0,220,1,179.0,3,-1.7558007029131484,0.16433090883405962
16992.0,12,5,1614.31,2,1.1898123437732586,-0.2888832592012253
16996.0,64,6,1456.96,2,1.0652721479851779,0.1469770702524307
16997.0,284,3,702.0,3,-0.7169320728650537,1.3617761367962515
16998.0,131,4,295.0,0,-0.3035026179506205,0.04103813849482843
16999.0,25,2,484.82,0,-0.08899161484937189,-0.8516357089625225
17001.0,24,11,3989.57,1,2.219180677443253,0.3777315128247503
17002.0,87,3,1493.73,2,0.46960557381750895,0.07917442485823963
17004.0,48,2,1412.94,2,0.34035643979015184,-0.36352726705941735
17006.0,20,4,781.78,2,0.6339028341177485,-0.5214558588431893
17007.0,52,6,889.9300000000001,2,0.8731089648004848,-0.0887140491775986
17010.0,20,1,195.36,0,-0.8845631223183184,-1.3364367525234395
17011.0,91,1,270.9,0,-1.0188450203195047,-0.6993881868353621
17014.0,153,3,586.33,2,-0.2625366132261169,0.3094981466916944
17015.0,30,3,1842.56,2,0.8087398007049489,-0.2944235097812713
17017.0,11,20,8694.26,1,3.168133700597288,0.7570297669602833
17018.0,42,2,920.1,2,0.15474811955380052,-0.5347162337748098
17019.0,13,4,1272.61,2,0.9019421772483923,-0.43244382978415097
17022.0,122,1,71.0,0,-1.799806585429317,-0.8516325815633612
17024.0,47,3,95.85,0,-0.7085705676232003,-1.0268042134440558
17025.0,62,3,357.77,0,-0.12762127913420418,-0.5291613863282814
17026.0,158,2,154.82999999999998,3,-1.1983572043234467,-0.16941482594055793
17027.0,80,6,890.29,2,0.7573150533624996,0.12507531348916595
17029.0,112,2,716.0,0,-0.2582465207339369,-0.07383466856830091
17030.0,154,1,146.87,3,-1.578949538482709,-0.39685618164427233
17031.0,13,2,380.35,0,-0.15818303257330382,-1.0140556049949832
17033.0,88,3,1030.14,2,0.2831317168586634,-0.021834323964537647
17034.0,18,3,745.52,2,0.414492261836457,-0.6505241225204464
17035.0,129,2,433.53000000000003,0,-0.5746123868586657,-0.09064726942860198
17037.0,89,1,1267.32,0,-0.2542781235133577,-0.2640291857261572
17038.0,91,1,112.4,0,-1.4483074316587974,-0.9552781154234062
17040.0,139,1,449.73,0,-0.9694765698634341,-0.1852004570868156
17041.0,28,3,1081.57,2,0.5555892921344159,-0.4654589853679629
17042.0,64,5,1044.3799999999999,2,0.7607030730886982,-0.019392952787493343
17043.0,53,4,1735.18,2,0.8883934705756413,-0.03653987608429427
17044.0,27,1,948.48,0,-0.1396245558672439,-0.8218782755263727
17045.0,115,3,339.44,0,-0.37293205923035055,-0.1400575761948563
17046.0,218,1,642.02,3,-1.1222535731317484,0.5216233831824455
17047.0,87,3,1100.9,2,0.31986825811569386,-0.010044724502032273
17048.0,10,3,925.35,2,0.553624207548578,-0.6484194102355196
17049.0,23,9,5659.9800000000005,1,2.2280282987291478,0.39076777015532366
17050.0,191,6,3228.84,2,0.9297724617464562,1.3488675306597322
17051.0,196,1,247.14000000000001,3,-1.4987218254942447,0.07512214475411134
17052.0,30,1,413.75,0,-0.5587899220612108,-1.0413345767500712
17053.0,337,1,498.48,3,-1.7392736464860796,1.3558104494329257
17054.0,30,5,1356.33,2,1.0297930192633877,-0.20243926459962294
17058.0,83,3,1179.89,2,0.3704377702337875,-0.020311177301438128
17059.0,61,5,3095.04,2,1.3063258765481496,0.27541146677414935
17060.0,268,1,234.24,3,-1.8232053638636516,0.6089408074386721
17061.0,75,11,5232.2300000000005,1,2.141040155195499,0.8462428385696992
17062.0,315,4,538.37,3,-0.7710644620963599,1.6207403394035473
17063.0,23,7,1461.14,2,1.3588413070583263,-0.10526299171689564
17064.0,1,3,859.35,2,0.5546097698269418,-0.7387269516161346
17068.0,14,21,4552.14,1,2.8806047342279575,0.6114493581986866
17069.0,30,9,2709.7000000000003,1,1.8373982166106606,0.22871154766541607
17070.0,116,1,312.14,0,-1.0530601510593038,-0.4672893636786491
17071.0,2,9,2429.03,1,1.8997130343617197,-0.016942679313511184
17073.0,19,4,1446.09,2,0.9397981953005857,-0.3492912663868435
17075.0,19,4,834.12,2,0.6698304388109306,-0.5101482543448297
17076.0,38,3,841.0799999999999,2,0.39079339116054496,-0.4626564124632632
17078.0,274,2,378.2,3,-1.2421735488477934,0.9760104171390481
17079.0,80,1,118.80000000000001,0,-1.375777193422059,-1.0231554753547991
17080.0,24,2,287.62,0,-0.3405716880396553,-1.0116360401987081
17081.0,27,2,290.16,0,-0.34869652605370177,-0.9861788667489401
17082.0,183,2,2003.85,2,-0.04740976034525573,0.7688486314248809
17083.0,100,3,1405.78,2,0.38597138279402005,0.16063446949082635
17084.0,244,2,2949.75,3,-0.11030680024022267,1.3474367960546936
17085.0,125,5,1566.65,2,0.7069928551471885,0.5646690674151276
17086.0,26,6,2050.08,2,1.3903123429825386,-0.043129648161041624
17088.0,30,4,1991.01,2,1.0511762257116182,-0.17183441244509018
17090.0,2,7,2043.95,2,1.6105817628653507,-0.16735433019149462
17091.0,122,9,3827.76,1,1.6258699036613065,1.0318215932781107
17092.0,51,4,1777.78,2,0.9085828124448472,-0.044709142749078216
17094.0,324,1,302.0,3,-1.9308826903777367,1.1103500875033387
17095.0,24,3,1324.16,2,0.6714552433363761,-0.4368193530408089
17096.0,1,4,1022.13,2,0.8441104807109341,-0.5880951747945983
17097.0,12,8,954.42,2,1.303340875093799,-0.2609662846637129
17100.0,20,2,971.74,2,0.2726728840709417,-0.6866394359339584
17101.0,12,4,1621.73,2,1.0250529379948878,-0.36918920736869265
17102.0,263,1,25.5,3,-2.87476318913045,-0.06811416794707001
17105.0,192,2,665.78,3,-0.6253137668612492,0.5154063693320998
17107.0,77,6,10815.43,1,1.9955717790685263,0.8325771897353421
17109.0,46,6,885.04,2,0.8952616287728687,-0.13611117286123076
17110.0,167,1,163.29999999999998,3,-1.5810618735986823,-0.2668223355898464
17111.0,49,1,248.61,0,-0.8868615621594171,-1.0449230807073846
17114.0,101,8,808.62,2,0.8533338087558111,0.36975085173412764
17115.0,66,3,837.5,2,0.27270883587561257,-0.2502319019347523
17117.0,290,1,116.19999999999999,3,-2.256494838165829,0.5729578018940528
17118.0,319,1,157.02,3,-2.2298732611569796,0.8817031122682301
17119.0,31,2,606.91,0,-0.003750853412329733,-0.7402495253908703
17120.0,235,1,307.46,3,-1.5534223462776917,0.4364068733799263
17122.0,3,1,138.32,0,-0.982668806508983,-1.5665819589395265
17123.0,338,1,345.29999999999995,3,-1.923282982445574,1.2562701553244064
17124.0,158,1,298.89,3,-1.2482806000579634,-0.1594334578683333
17125.0,52,1,259.35,0,-0.8786011764851928,-1.0097029719953305
17126.0,65,5,1004.75,2,0.7375814682841717,-0.023070258776636855
17128.0,101,1,157.09,0,-1.3265728113949256,-0.7817498336279811
17131.0,49,5,2463.17,2,1.2439368842636767,0.11704471279549584
17133.0,17,7,4892.240000000001,1,1.9769077262346735,0.2024078119373632
17134.0,108,2,425.0,0,-0.49735428231858875,-0.2567017842527589
17135.0,18,7,1139.73,2,1.2576502311359226,-0.21605355559385192
17138.0,99,1,380.5,0,-0.8856658731602147,-0.5392396628212306
17139.0,2,12,10668.47,1,2.866599328012843,0.5334581582868385
17140.0,190,1,465.32,3,-1.1640495248163039,0.21393602675443513
17142.0,240,1,579.0,3,-1.2640449465148362,0.6593259581642348
17144.0,86,2,984.57,2,0.0056973263617130995,-0.17915186362353977
17146.0,107,3,749.78,2,0.04859684622074772,0.030309912885214417
17147.0,24,4,1714.59,2,1.0026695607269747,-0.26133303363698296
17148.0,53,1,124.88,0,-1.2396159915513325,-1.2147098173371498
17152.0,196,3,1689.5,2,0.07850653814567476,0.946979583795048
17153.0,26,1,213.78,0,-0.865385479216413,-1.2644134705392935
17154.0,77,1,329.34,0,-0.8652399807715592,-0.7492563762345277
17155.0,19,2,251.70000000000002,0,-0.3851282033551205,-1.0886815933676717
17157.0,178,2,319.0,3,-0.9278442022752693,0.19375543240330895
17158.0,153,3,1266.97,2,0.11539729587950959,0.5346854470434235
17159.0,23,3,1538.88,2,0.7493450711450906,-0.4005090707925077
17160.0,7,6,3518.03,2,1.734119739045401,-0.03016518634628119
17162.0,30,10,1715.46,1,1.7003052371848641,0.1376878467475209
17163.0,23,2,293.1,0,-0.3271922886355175,-1.0137635082209182
17164.0,34,7,2467.35,2,1.5704302955272622,0.1319033367309222
17165.0,286,1,158.68,3,-2.088036077678197,0.6329342168057084
17166.0,205,2,206.34,3,-1.252806781121902,0.272814781585183
17169.0,59,2,835.78,0,0.037176174643704304,-0.43307990648628464
17171.0,291,1,224.91,3,-1.9383588642274228,0.7726146530953697
17172.0,80,1,317.76,0,-0.895191674999813,-0.7368044682759517
17173.0,1,8,3766.6,1,2.022702215947896,0.056562761849429655
17174.0,189,1,59.9,3,-2.1595838351030863,-0.38934034349461677
17175.0,5,4,1443.69,2,0.9969792031393905,-0.45661253651378925
17176.0,203,1,306.13,3,-1.4229817316102116,0.1909468913127279
17179.0,180,3,711.79,3,-0.27931178865588174,0.572187193304231
17180.0,7,4,796.03,2,0.6966159349380717,-0.6153814793602338
17181.0,59,2,239.92000000000002,0,-0.5742750767987694,-0.7974056610470761
17183.0,24,6,3347.31,2,1.6392742314729563,0.08501241085049166
17186.0,48,2,144.0,0,-0.778047125708257,-1.029914361602836
17187.0,228,1,203.95,3,-1.7251936840984121,0.26336308388680274
17188.0,13,7,2474.23,2,1.658791422977097,-0.027535577601845565
17189.0,107,2,384.40000000000003,0,-0.5423978437754566,-0.29363985941519155
17190.0,1,2,444.74,0,-0.03185343485796379,-1.0599766937809814
17191.0,30,7,2095.13,2,1.5067288694800918,0.053549942129997766
17193.0,1,7,1699.3000000000002,2,1.5240849906593894,-0.2289917943068531
17194.0,38,2,262.62,0,-0.4430614871241086,-0.9313114595377932
17197.0,61,1,1013.01,0,-0.24818159301328765,-0.5431803920219366
17198.0,25,3,692.22,2,0.34911687676946707,-0.618781309276633
17201.0,55,1,342.63,0,-0.7547331688806833,-0.9055994747983116
17203.0,54,6,3563.85,2,1.5457713679211331,0.3322824611909103
17204.0,7,4,1564.56,2,1.028152342998956,-0.41783956290130575
17205.0,55,1,384.08,0,-0.6988053668310876,-0.8722755775381837
17206.0,55,1,204.24,0,-1.0078325478535886,-1.0564056461907776
17211.0,5,8,2317.2200000000003,1,1.767640852440339,-0.055014755550330516
17212.0,254,1,226.85,3,-1.7808841118715384,0.49276553341744506
17213.0,42,7,2781.23,2,1.596074215367787,0.22797830992256216
17214.0,62,6,1069.1200000000001,2,0.921679945271399,0.04122057210752322
17217.0,236,1,113.5,3,-2.044241194284812,0.15405788157149555
17218.0,13,10,1960.72,1,1.8363176139378716,0.0470390253799441
17219.0,122,1,114.23,0,-1.568865792414396,-0.7140293327752697
17220.0,26,14,3198.25,1,2.3067603005387185,0.4282499167653802
17221.0,274,2,335.13,3,-1.3013819004213296,0.9407318445423927
17222.0,215,1,354.15,3,-1.401352864037004,0.32502722318268307
17223.0,312,2,426.79,3,-1.3403819175815759,1.3012721067246669
17226.0,253,1,393.49,3,-1.5071805022889442,0.645749064154277
17227.0,20,6,939.32,2,1.0321679246433202,-0.31712214006672584
17228.0,17,8,1906.09,2,1.62205920129059,-0.020564767490332897
17229.0,144,2,318.76,0,-0.7873648557838555,-0.06592193325585594
17230.0,266,8,3638.41,2,0.9079181026407446,2.0686784740706035
17231.0,14,10,3174.32,1,2.0686762924334032,0.19558652352541986
17232.0,16,2,421.52,0,-0.12026488153453015,-0.9611642792896918
17233.0,244,1,190.88,3,-1.8238356422180544,0.3661791928038541
17234.0,66,1,149.89000000000001,0,-1.2044736865872523,-1.0624782493448972
17235.0,27,2,550.06,0,-0.03539704405933732,-0.7995031997814963
17236.0,14,6,916.13,2,1.044760465171169,-0.37021554645385696
17237.0,13,2,314.69,0,-0.25097739510535544,-1.069345991708106
17238.0,19,17,3744.65,1,2.5802025232153203,0.5026172556100911
17239.0,314,1,382.5,3,-1.7737532973206018,1.102979519562204
17242.0,5,2,1135.04,2,0.41102200964695507,-0.7556970948284034
17243.0,16,26,8676.85,1,3.3766454063080467,0.9071421406921449
17244.0,55,1,954.9,0,-0.2523075023263206,-0.6062352824014495
17245.0,206,1,171.45,3,-1.7188474106876752,0.04495720159707007
17247.0,17,1,282.19,0,-0.6923146682433289,-1.2521861198388446
17248.0,33,1,318.65,0,-0.6991210641702855,-1.094650913671712
17250.0,182,2,384.52,3,-0.8529386373903377,0.27878467618540925
17251.0,364,1,283.28000000000003,3,-2.127904177604462,1.3969340274506648
17252.0,118,2,353.86,0,-0.6285096558091949,-0.2338549142266614
17253.0,20,1,178.26,0,-0.9293073072075859,-1.3630970281930586
17254.0,17,2,272.44,0,-0.3381064445388475,-1.0808630923602693
17255.0,42,2,298.41,0,-0.39711382045921967,-0.8635364254651716
17256.0,109,2,240.0,0,-0.781241151257133,-0.41575288560947665
17259.0,150,2,603.37,0,-0.4995862292691621,0.16614396165414044
17262.0,54,5,1253.3600000000001,2,0.8916271570688732,-0.04237763384138915
17263.0,210,1,63.440000000000005,3,-2.218830939697876,-0.2125541944968752
17265.0,5,2,562.9,0,0.0670511022823843,-0.9606479557137497
17266.0,149,3,310.64,0,-0.5571871960900231,0.09353651983359572
17267.0,246,2,317.62,3,-1.2116621976223532,0.7114064833564131
17268.0,4,4,763.64,2,0.6886698430288819,-0.6504143199739237
17272.0,44,4,2148.63,2,1.0305771518708373,-0.042716244076982
17274.0,244,1,111.97999999999999,3,-2.0839447524119192,0.21119635874151937
17277.0,229,2,1065.3500000000001,3,-0.5480056830321908,0.9351479722606693
17278.0,7,1,246.04,0,-0.7179555804196057,-1.3684581401989273
17279.0,59,1,187.82999999999998,0,-1.0653266189526063,-1.0502651072230538
17282.0,175,3,1703.41,2,0.16952506636925127,0.7891240492325887
17284.0,33,6,1652.58,2,1.2555223000193532,-0.05274671038718613
17286.0,23,1,153.92,0,-1.013398677631069,-1.382903584560088
17287.0,28,7,1064.11,2,1.182540552552393,-0.15981254328947064
17288.0,11,7,1419.73,2,1.394443207242481,-0.20524307013556464
17289.0,5,3,944.41,2,0.5843388844407932,-0.6806155435479381
17290.0,18,2,525.24,0,-0.02074621684973069,-0.8816684600798448
17291.0,253,1,550.8000000000001,3,-1.3423755189365238,0.74394609911594
17293.0,1,9,1875.1100000000001,1,1.7768097406605858,-0.10027252427423035
17295.0,30,3,556.95,2,0.22179963795518287,-0.6441446317372388
17297.0,19,1,131.78,0,-1.0725615255336316,-1.4585527228474198
17298.0,103,2,498.42,0,-0.39855448551459544,-0.2483302310526341
17299.0,13,4,669.11,2,0.5865810916698649,-0.6203478780487683
17301.0,23,1,197.63,0,-0.891346265894518,-1.310180146842066
17302.0,16,5,1135.63,2,1.0006448103884533,-0.3611987433256627
17303.0,363,1,250.04,3,-2.1848270426845664,1.352917814421996
17306.0,12,19,8631.31,1,3.1157301863976663,0.7406856705269467
17309.0,216,1,82.75,3,-2.1149715999259198,-0.09007435859445354
17311.0,80,2,1384.85,2,0.1979394139283924,-0.12520328321774
17312.0,140,3,644.3,2,-0.1624577183575922,0.23783647784579143
17313.0,122,1,2328.84,2,-0.09234986760703948,0.16573463394722637
17314.0,1,8,2527.92,1,1.8269322045258622,-0.06008440660994744
17315.0,6,38,6292.26,1,3.5971304792273613,0.9014914775431361
17317.0,32,3,2600.34,2,0.9695499277511331,-0.17840792187315585
17320.0,102,3,1200.6200000000001,2,0.30027473574946606,0.12977200904580316
17321.0,276,2,700.86,3,-0.9481107626452683,1.171422973292527
17323.0,16,7,921.07,2,1.161430719373153,-0.29358361485980417
17324.0,10,4,990.23,2,0.7912719245523453,-0.5286836060317227
17325.0,252,1,96.8,3,-2.1879425822801184,0.23002587994694199
17329.0,16,2,523.11,0,-0.014452803211128795,-0.8981174457344815
17330.0,24,2,363.9,0,-0.2254055725936535,-0.9430157179559835
17331.0,125,1,175.2,0,-1.3727337806061979,-0.5668682119377993
17333.0,87,1,494.25,0,-0.7078046922772575,-0.5544562876340764
17334.0,70,2,307.02,0,-0.4991833804221746,-0.6415695757212246
17337.0,5,4,2027.8700000000001,2,1.163744780675128,-0.35724730547183464
17338.0,10,8,6643.93,1,2.264069879979187,0.29127351090556963
17339.0,185,2,243.36,3,-1.0892780022632362,0.1682630132137302
17340.0,33,11,12353.29,1,2.7368603763573995,0.7770794105749836
17341.0,187,3,781.36,3,-0.26257579392354463,0.6528550685752206
17343.0,357,1,193.64,3,-2.2849339718766144,1.2326738064988643
17344.0,48,1,160.57,0,-1.0963230091155147,-1.179827543307054
17345.0,17,4,537.74,2,0.4628511420394584,-0.6536731777198845
17346.0,1,15,2676.56,1,2.3820246686214386,0.2142862730533231
17347.0,88,1,228.96,0,-1.0886886620701572,-0.7713019259642736
17348.0,16,5,1159.52,2,1.010859645408559,-0.35511235873223096
17349.0,181,1,110.75,3,-1.8283377917404324,-0.272766794285769
17350.0,47,4,1286.07,2,0.7662571454500835,-0.16990983031477358
17351.0,38,3,587.15,2,0.21454551150036502,-0.5676715573263297
17353.0,126,2,1740.0,2,0.11942027688201425,0.2925853514061019
17354.0,52,1,1393.06,0,-0.05458146496255741,-0.518720898665329
17356.0,343,1,178.22,3,-2.2674710036123007,1.1016870279548296
17357.0,26,2,388.14,0,-0.20210603382265196,-0.9089341333151222
17358.0,100,2,365.85,0,-0.5376244820875422,-0.3614916475664995
17359.0,13,1,127.86,0,-1.0624224905085735,-1.5131080204998226
17360.0,19,3,585.79,2,0.2921177024355277,-0.7133400883625487
17361.0,51,3,488.2,0,0.07022840520128736,-0.522368686049054
17362.0,241,2,312.23,3,-1.1993279389897036,0.668258602483152
17364.0,10,11,4481.18,1,2.3342291491521148,0.3048898637456673
17365.0,14,8,4801.56,1,2.088040949508425,0.2267865027377047
17367.0,240,1,168.4,3,-1.8684584505520543,0.2991935593742905
17368.0,25,8,1912.67,2,1.590610016941962,0.0414919774045122
17370.0,74,4,446.18,2,0.13524814874951177,-0.27320449848460615
17371.0,19,3,423.89,0,0.13357662782567709,-0.8078048498620952
17372.0,42,8,1342.68,2,1.3465322883290993,0.06775137972136495
17373.0,42,4,646.92,2,0.4499090043263168,-0.40889910168255383
17374.0,220,2,495.77,3,-0.8858493464759287,0.6429531781559223
17375.0,201,3,400.1,3,-0.6486695994212575,0.5641976684335415
17376.0,72,2,203.2,0,-0.7093373482529196,-0.7465884095469137
17377.0,25,20,4100.92,1,2.7411722423995535,0.6440218754720923
17379.0,13,1,404.66,0,-0.4992487959951397,-1.1775478581510521
17381.0,3,29,20275.61,1,3.9437943892081364,1.1034552147182999
17382.0,215,1,65.4,3,-2.224829642232159,-0.16563134996027368
17383.0,212,1,199.29,3,-1.6702072472508334,0.1345353662099881
17384.0,21,2,336.4,0,-0.2514565831034603,-0.9888361530260928
17385.0,16,1,261.11,0,-0.7261595664617259,-1.2824516083890116
17386.0,115,6,2686.42,2,1.1543217998275237,0.7151066177065165
17387.0,21,2,784.11,0,0.16329368303295988,-0.7417122763344177
17388.0,6,4,1259.56,2,0.9258823855753129,-0.4888752866370386
17389.0,10,34,31833.68,1,4.277525136350462,1.357896801099781
17391.0,165,2,508.8,3,-0.6452923975507854,0.23081801657568632
17392.0,192,2,457.91,3,-0.8087870369354924,0.40608606390490043
17394.0,250,1,203.86999999999998,3,-1.816522224165886,0.431133321305482
17396.0,41,8,7330.8,1,2.183956581959652,0.5566209898354015
17397.0,24,2,696.41,0,0.09269643989522451,-0.7534785218934774
17398.0,116,3,653.38,2,-0.056173825892395834,0.058778365109450184
17400.0,211,5,2129.96,2,0.501492139566703,1.3107740655010227
17402.0,52,13,2633.85,1,2.040539099841255,0.5389701242107657
17403.0,275,1,281.62,3,-1.7620903665018992,0.7160513689932769
17404.0,6,15,31906.82,1,3.5781997438234434,0.9775096691935491
17405.0,4,3,1031.41,2,0.6317131093960499,-0.6624876102755134
17406.0,71,3,2200.42,2,0.7260148761416101,0.0703620596357898
17408.0,165,1,32.65,3,-2.351484862349804,-0.7460682960038068
17409.0,127,2,771.85,0,-0.2835492027382899,0.06258033199074589
17410.0,1,5,1214.72,2,1.0958183901569325,-0.4559820234659475
17411.0,14,3,778.94,2,0.452569566110036,-0.6682339046749665
17412.0,25,7,1258.06,2,1.277121021940573,-0.13375618550988244
17414.0,45,2,778.0,0,0.06003494282610958,-0.560851663600598
17415.0,81,1,507.84,0,-0.6696549971327816,-0.5923217758214105
17416.0,61,7,6893.42,1,1.9630072577353472,0.6384998511491956
17418.0,44,2,463.46000000000004,0,-0.18978132295476668,-0.7198010517504521
17419.0,13,12,4226.57,1,2.366402203736778,0.34651543143392904
17420.0,52,3,598.83,2,0.16620623346124716,-0.4550820505684274
17422.0,5,6,1979.37,2,1.4600778529437393,-0.21364853388496763
17423.0,48,2,698.41,0,-0.005319234298133064,-0.569493892360164
17425.0,21,2,759.17,0,0.1474405215971407,-0.7511581888068403
17426.0,93,6,5037.26,2,1.5540968907761843,0.7311204875676213
17427.0,73,1,100.8,0,-1.4267348368198978,-1.124213901700728
17428.0,7,28,17256.85,1,3.817005834059815,1.071629168233829
17429.0,158,3,524.9200000000001,0,-0.33748411853806426,0.3153386898366879
17430.0,153,2,265.76,0,-0.9136436359907646,-0.050268824351223186
17431.0,315,1,403.3,3,-1.7519578365432642,1.1260654980902873
17432.0,19,2,365.76,0,-0.20219580492665576,-0.9796835596996746
17433.0,2,1,303.15999999999997,0,-0.5950946882037111,-1.3457500773901951
17434.0,11,7,2373.82,2,1.646739830013331,-0.05491521121421126
17436.0,121,2,216.29999999999998,0,-0.8817885614409183,-0.3544697955118412
17438.0,255,1,388.45000000000005,3,-1.5217802198179329,0.6572488401616406
17440.0,187,3,186.42000000000002,3,-0.9643216601511154,0.234728371442556
17442.0,64,6,2248.56,2,1.2782550638694459,0.27388033744673085
17443.0,250,1,534.24,3,-1.3449114139003904,0.7121368582246766
17444.0,34,3,2940.04,2,1.0215391590326917,-0.1272319346166037
17446.0,178,2,120.9,3,-1.4018025811105712,-0.08864687455447867
17447.0,42,2,541.53,0,-0.10519689856994606,-0.6896012955828198
17449.0,46,7,2520.86,2,1.5312515697776612,0.22975220735503807
17450.0,4,46,194550.79,1,5.461360948083169,1.9737898199138662
17451.0,17,7,1721.4,2,1.4641455580865037,-0.10311525859377135
17453.0,19,2,486.71999999999997,0,-0.062219265700624894,-0.8962802496990411
17454.0,194,4,517.53,3,-0.2891627634651235,0.685845801842991
17455.0,205,1,131.7,3,-1.8433778145668793,-0.039342137075503464
17456.0,455,1,249.86,4,-2.5662968645512407,2.0547702890976116
17457.0,206,5,1737.7,2,0.4223007207762542,1.2130917284299971
17458.0,17,1,316.5,0,-0.6361540120870672,-1.2187234793053758
17459.0,45,2,657.3,0,-0.022639786276234163,-0.6101123904243032
17460.0,185,6,622.4300000000001,2,0.14681283764927724,0.8217540908100434
17461.0,24,3,757.46,2,0.3974291744168474,-0.6000944368564275
17462.0,62,2,675.69,0,-0.07953299178611582,-0.4723213779247679
17463.0,18,5,1896.41,2,1.2440037276128073,-0.19599746776249208
17464.0,248,1,289.96000000000004,3,-1.6359585593509705,0.5185211347538441
17466.0,12,2,763.28,0,0.18737176659495705,-0.8182604211621213
17468.0,12,2,137.0,0,-0.653213199856641,-1.3191126991686994
17469.0,18,5,1870.97,2,1.2373748090587668,-0.1999472278593524
17470.0,46,5,1125.07,2,0.8717835042799361,-0.1349965888055112
17472.0,289,3,710.29,3,-0.7318878029595483,1.4033620459405425
17475.0,81,1,194.37,0,-1.1397428545470305,-0.8724178798988506
17480.0,79,1,511.82,0,-0.6575436313927928,-0.6053042058277663
17481.0,17,4,1255.59,2,0.8787649109033987,-0.4058560421492106
17483.0,95,3,414.04,0,-0.1927782915143674,-0.23470354815863473
17486.0,263,1,396.87,3,-1.5444165992096641,0.7245565871734067
17489.0,1,2,376.64,0,-0.1132730277776714,-1.108489563051469
17490.0,75,7,2092.32,2,1.3196538863928275,0.3965574831163209
17491.0,16,10,3558.87,1,2.1165300997985894,0.24429846898762336
17492.0,221,1,374.57,3,-1.3987542882521293,0.38717207054764724
17495.0,302,2,497.56,3,-1.2237747561211811,1.2697568623794178
17496.0,360,1,271.05,3,-2.1329288306235563,1.3535424708674315
17498.0,77,1,272.22,0,-0.9584705402358837,-0.8048066655582228
17499.0,291,1,622.88,3,-1.4395016634342734,1.069852618784851
17500.0,19,3,1138.0,2,0.617826085846127,-0.5192707291570483
17501.0,281,2,288.6,3,-1.4035507077118252,0.9505517468708562
17502.0,11,4,689.1,2,0.6093015959413732,-0.6270089825338869
17503.0,152,2,558.96,0,-0.5453518036537431,0.15907394278634268
17504.0,189,9,2997.0299999999997,1,1.22820395424205,1.471538312707328
17505.0,207,2,1145.84,3,-0.42113305404452955,0.7885562457788365
17506.0,77,1,302.2,0,-0.9073408035667905,-0.7743416369095496
17507.0,263,2,605.58,3,-0.965905551579429,1.0295277106924803
17508.0,252,1,387.31,3,-1.5107920946889555,0.6334977213420829
17509.0,59,8,6115.14,1,2.0203609029723677,0.6409340573344974
17510.0,26,1,308.48,0,-0.6860014079856959,-1.1575296642617845
17511.0,7,31,91062.38,1,4.723999156008619,1.6024048603793755
17512.0,30,10,2924.9900000000002,1,1.9622360315740504,0.29375610907166105
17513.0,74,1,513.2,0,-0.6355109766305009,-0.6426734159081785
17514.0,278,1,208.65,3,-1.921188165085491,0.6515531491913051
17515.0,122,4,639.02,2,0.11247784871191024,0.19800023851565826
17516.0,3,5,768.08,2,0.8626658270648502,-0.5747042891721962
17517.0,253,1,153.94,3,-1.9661292262620789,0.37229007658696506
17519.0,19,6,1844.02,2,1.3673158561776428,-0.12752776111308264
17520.0,55,1,546.81,0,-0.5257081071665347,-0.7691376910902947
17521.0,61,3,723.2099999999999,2,0.22146113209415758,-0.3312643179665023
17522.0,96,5,1070.71,2,0.6403562634062531,0.23208129960605883
17523.0,13,4,652.74,2,0.5744354366889599,-0.6275847181159272
17524.0,363,1,145.0,3,-2.4509992681211226,1.1943223472501998
17525.0,361,1,422.70000000000005,3,-1.9195000985693251,1.4908107918017197
17526.0,213,4,1195.8999999999999,2,0.04291909829675068,1.0756016930827335
17527.0,55,4,939.37,2,0.5789885756018324,-0.2006961617296512
17528.0,1,8,3628.5,1,2.0043633887711163,0.04563579582690823
17530.0,17,10,2385.0,1,1.9159005949095333,0.1348552503664699
17531.0,307,1,296.7,3,-1.8691247847557926,0.9754576471055989
17534.0,55,1,223.36,0,-0.9640904588437772,-1.0303424571025723
17535.0,252,1,164.4,3,-1.9299044663836227,0.38377473737041945
17536.0,179,1,76.5,3,-1.9997839343963506,-0.3951197220936641
17537.0,61,2,897.62,2,0.06390508970660258,-0.39695496989828005
17538.0,27,1,98.42,0,-1.2477936093607067,-1.4821672611854493
17540.0,26,2,578.9,0,-0.006203114960301278,-0.7922077735819255
17542.0,271,1,170.75,3,-1.990112717749367,0.5397893595641138
17545.0,45,3,645.96,2,0.2323492805982168,-0.4863674617507792
17548.0,235,1,103.3,3,-2.0859187782994373,0.11912538292654762
17549.0,25,2,148.86,0,-0.6665776644199515,-1.1957832969135884
17550.0,68,3,267.16,0,-0.29543122305525493,-0.5685523725706342
17551.0,361,1,306.84,3,-2.076375795916813,1.3973383249884745
17552.0,62,4,930.41,2,0.5452889017656576,-0.1500797631130189
17553.0,306,1,1487.6,3,-1.0745743191761499,1.438781410811262
17554.0,18,5,1952.45,2,1.258297931133523,-0.18748044130904273
17555.0,21,2,483.26,0,-0.07400073701169067,-0.8831012561294264
17556.0,207,1,157.9,3,-1.763176798514212,0.02864349731153299
17557.0,16,3,541.46,2,0.2659692202662363,-0.759218600729591
17560.0,157,4,854.95,2,0.11025276849336356,0.5501541385114245
17561.0,21,1,167.62,0,-0.9634993409008791,-1.373370513924572
17562.0,16,7,1122.38,2,1.2584087867618898,-0.23580041874417249
17564.0,26,3,454.01,0,0.13821268692455901,-0.7343465733439023
17566.0,27,2,901.21,2,0.20671088337652743,-0.6552461504416941
17567.0,59,8,4331.48,1,1.8510383160860953,0.5400452635246933
17569.0,40,1,344.14,0,-0.6904411940115519,-1.0187831817599675
17571.0,52,4,1498.51,2,0.8205677107013517,-0.08705244571280249
17572.0,72,4,226.75000000000003,0,-0.18780966246192626,-0.4858933858909209
17573.0,61,3,380.6,0,-0.09318280716361127,-0.5187410633613906
17574.0,37,1,185.65,0,-0.97989228300096,-1.2215473341208098
17576.0,3,19,3622.68,1,2.7267386184514915,0.4180150226920896
17578.0,219,1,143.45999999999998,3,-1.8596748849160978,0.09233932749077134
17579.0,139,3,448.90000000000003,0,-0.3354454925325145,0.1246644073644743
17580.0,314,3,215.72,3,-1.4190971377762776,1.2463822539780365
17581.0,67,25,11045.04,1,3.2493013680845912,1.3500339633911114
17582.0,238,1,175.27,3,-1.8406505291181643,0.2955637302231872
17584.0,247,2,1242.3,3,-0.5471767083355291,1.1174314599371389
17585.0,111,4,1133.07,2,0.4389821023788678,0.2814501914193653
17588.0,102,3,1240.2,2,0.3161899040343488,0.13925486754134653
17589.0,34,4,2404.17,2,1.1271643102445965,-0.08616016256206016
17590.0,19,3,1479.22,2,0.746510682805522,-0.442595584937487
17591.0,75,7,2225.9700000000003,2,1.3500475858343264,0.4146671974341755
17593.0,93,5,3927.34,2,1.2906877786940782,0.5892751252830144
17594.0,87,2,993.18,2,0.005826283646232751,-0.16897560637755885
17595.0,14,2,388.79,0,-0.15157544173357565,-1.000019133131801
17596.0,25,7,2827.93,2,1.6746726524488622,0.1031200943572657
17597.0,67,1,2044.3700000000001,2,0.07154230515598586,-0.29208029745538866
17600.0,19,1,161.67000000000002,0,-0.9728560310522205,-1.3991444226352572
17601.0,240,1,116.00999999999999,3,-2.050162497727935,0.1909274237863244
17602.0,25,6,5102.97,1,1.8421559466566588,0.21599642069594693
17603.0,80,1,394.72,0,-0.7889849494413482,-0.6735224889894003
17604.0,189,2,309.36,3,-0.9884340338457137,0.2687473377022972
17608.0,183,2,193.42,3,-1.1932661434152978,0.08610411108012506
17609.0,42,5,1112.22,2,0.8827176329222396,-0.1688793003958798
17611.0,37,15,3984.22,1,2.428190627419056,0.6053728017998723
17612.0,55,6,2048.45,2,1.269787030439895,0.17793998661242114
17613.0,24,14,4559.150000000001,1,2.4891060932042066,0.516699589311016
17614.0,59,1,390.07,0,-0.7077955307973185,-0.8372345783561569
17615.0,205,3,329.6,3,-0.7601679283412613,0.5381604304587684
17616.0,175,3,571.1999999999999,3,-0.3664899561913163,0.4697460496134792
17618.0,221,3,971.58,3,-0.2965446092836187,0.9759954323581972
17619.0,314,1,218.52,3,-2.0477292027086444,0.9397343250736856
17620.0,31,1,81.44,0,-1.3563360614345588,-1.506443276070364
17621.0,23,3,1379.9,2,0.6958317387512065,-0.4323943358197206
17623.0,153,1,527.0500000000001,0,-0.9497225242431148,-0.032038375713599736
17624.0,16,2,843.48,2,0.2198055096991096,-0.7585374932659564
17625.0,20,4,2047.0,2,1.1062147639033615,-0.2400345684275362
17628.0,83,1,75.75,0,-1.6068716327939807,-1.1305520135740952
17629.0,20,8,1814.12,2,1.5853585008080326,-0.012134172417017775
17630.0,171,2,503.59999999999997,3,-0.6751827449094686,0.2736047361893037
17631.0,121,3,528.33,0,-0.18103469893508786,0.03487863817032127
17633.0,33,4,1324.84,2,0.8388277469796616,-0.2680613991441129
17634.0,36,9,2361.9700000000003,1,1.7451224929405476,0.2343267033242595
17636.0,21,1,285.56,0,-0.703075487265996,-1.2182001438299346
17637.0,117,2,547.0600000000001,0,-0.4109102672573435,-0.11430039784354988
17639.0,130,1,108.5,0,-1.6270546565809965,-0.6679050992677422
17640.0,88,1,621.66,0,-0.5995187077768895,-0.47983598769702707
17642.0,3,2,712.29,0,0.19074730724857836,-0.9071439231399293
17643.0,698,1,101.55,4,-4.012244044139365,3.6473793042635023
17644.0,33,11,2895.64,1,2.0245615195387883,0.3526648429851345
17646.0,250,3,1008.39,3,-0.39843602192625543,1.2081678486297187
17647.0,215,1,133.06,3,-1.8797962545521403,0.039952576834609156
17648.0,62,4,1797.5,2,0.8684287683334923,0.04245917672604017
17649.0,140,1,868.49,0,-0.6509558143399722,0.014685661518870453
17650.0,23,1,166.08,0,-0.9762901958517683,-1.3607929492593096
17651.0,13,10,3945.0,1,2.179529245489311,0.25153748105246876
17652.0,27,12,4867.72,1,2.3777494315980308,0.49466841319977384
17653.0,33,4,1207.56,2,0.7933448636483256,-0.29516181925151774
17654.0,161,1,117.55,3,-1.7164773196290841,-0.4081044917042014
17655.0,12,7,2638.94,2,1.6945712728958835,-0.016316010979841106
17656.0,2,5,1674.69,2,1.2492601624855106,-0.3544561992790267
17658.0,6,2,595.42,0,0.09044290702989143,-0.9366108151427424
17659.0,19,12,2999.46,1,2.1731715791284323,0.291977843314486
17660.0,143,1,196.0,0,-1.392502744487299,-0.39685775419959013
17663.0,27,7,1802.91,2,1.4454265730689049,-0.013274540777058122
17664.0,20,2,604.64,0,0.03998034768521148,-0.8252864395984385
17666.0,182,2,728.16,3,-0.5399684971419868,0.46526410889895015
17667.0,6,5,2055.51,2,1.3332573654156847,-0.2640098140924197
17668.0,121,2,347.75,0,-0.6494666172213325,-0.21604360465990563
17669.0,44,7,3406.7200000000003,1,1.6873770259432925,0.3025788128816558
17670.0,229,1,205.7,3,-1.725160834136707,0.2734820767591796
17671.0,5,4,1572.71,2,1.0389873822982918,-0.43158247641711533
17672.0,52,2,3178.17,2,0.7216848833489314,-0.09591969634745141
17673.0,121,6,1629.12,2,0.8839579010186863,0.6146101109348605
17674.0,76,2,551.04,0,-0.23751100996296637,-0.4250587743918434
17675.0,4,31,20374.28,1,4.001154274364561,1.1414083139259943
17676.0,1,6,1387.68,2,1.30234646490662,-0.348028532033589
17677.0,30,30,16363.23,1,3.7567062697328373,1.2614526169947515
17678.0,265,1,298.11,3,-1.6928158727589204,0.6563335331236153
17679.0,54,2,1992.1100000000001,2,0.484099201406538,-0.2172833817357879
17680.0,25,1,184.4,0,-0.9334811829697174,-1.3150868829286582
17682.0,12,6,2474.33,2,1.5406365059511804,-0.09495270776867591
17684.0,45,1,239.41,0,-0.8887334850994598,-1.0864361216080232
17685.0,2,7,3191.53,1,1.8293319731157598,-0.03701469114128323
17686.0,33,7,5739.46,1,1.9890455666342628,0.3712307097691455
17690.0,47,15,4757.95,1,2.473900693105067,0.7336027819786343
17691.0,359,2,290.40000000000003,3,-1.7236292390995174,1.5475915968694751
17692.0,162,4,740.9399999999999,2,0.019342043896426152,0.5464831925597756
17693.0,139,1,200.47,0,-1.364914002832941,-0.4208170181917726
17694.0,143,1,283.12,0,-1.2126699498127111,-0.28970658154268186
17695.0,133,2,765.34,0,-0.3125588284976806,0.10589181880446832
17696.0,110,8,2285.71,2,1.3259489031195983,0.7422475556760874
17697.0,238,1,338.95,3,-1.5181132557193164,0.4877436222878467
17698.0,262,1,154.95,3,-2.000221627342403,0.4428713127237982
17700.0,18,4,2534.64,2,1.2193875643768675,-0.19280077779582064
17701.0,341,1,417.95,3,-1.8421850097568278,1.3348896499839922
17702.0,91,4,1824.37,2,0.7555765714233063,0.2681007436625861
17703.0,111,3,798.74,2,0.06305048480435742,0.07931961526900169
17704.0,170,2,885.19,3,-0.3944766864612317,0.4307605904935994
17705.0,39,9,1823.52,1,1.6056983493325174,0.18155079037345684
17706.0,46,17,10504.49,1,2.9748127515565894,1.0104252668017337
17707.0,158,2,152.4,3,-1.2060755192810937,-0.17401368956909546
17708.0,219,2,267.08,3,-1.1846300316163976,0.45482893921014506
17709.0,171,1,137.45,3,-1.6816989119176287,-0.28638800631473754
17711.0,12,2,385.1,0,-0.1479613686711109,-1.018064571119839
17712.0,46,1,522.91,0,-0.5103315920290454,-0.850870559106711
17714.0,322,1,153.0,3,-2.254955845252093,0.8970562199857584
17715.0,202,1,326.4,3,-1.3874529818276784,0.20201684298767822
17716.0,24,11,5655.99,1,2.3905495369613776,0.47983955317118
17718.0,234,1,139.35,3,-1.9359880515787249,0.1983603542542048
17719.0,2,15,5396.04,1,2.7221073003386262,0.4270197720437798
17720.0,28,4,1195.94,2,0.8093132470824315,-0.3361443512808026
17722.0,246,4,2424.04,2,0.2529772386365104,1.5340431161165984
17723.0,97,6,3276.4000000000005,2,1.3263538352962359,0.6358202501014668
17724.0,73,3,1033.0,2,0.34663066152220845,-0.1354905482811883
17725.0,18,11,3439.08,1,2.1711394571372855,0.2885102211556362
17727.0,17,1,1060.25,0,-0.04354644974929565,-0.8656255065760612
17728.0,88,3,2876.01,2,0.7870300400809782,0.27840733290802044
17730.0,30,13,5298.4800000000005,1,2.474839259643372,0.5755553343571757
17731.0,81,4,1240.11,2,0.607552333510956,0.07890811452254252
17732.0,667,1,303.97,4,-3.3486058961320007,3.729717974924927
17733.0,263,2,692.19,3,-0.9003613225652095,1.0685814384203685
17734.0,55,3,700.63,2,0.23076132751909056,-0.38631942794171936
17735.0,110,19,13110.02,1,2.9150027083044003,1.6108277793180874
17736.0,11,3,377.44,0,0.10986272183123279,-0.9027298478936105
17737.0,1,2,168.24,0,-0.5074314386584188,-1.3433440344779963
17738.0,21,4,1879.05,2,1.0600521123839053,-0.25744060047698947
17739.0,13,7,2791.35,2,1.7179921301493255,0.007738440171726307
17742.0,40,2,355.11,0,-0.3036614074776743,-0.8280527866833222
17744.0,27,6,2322.4,2,1.4473912596858027,0.0009795463199080159
17746.0,242,1,110.25,3,-2.0832375057901857,0.19141892374816244
17747.0,114,1,71.4,0,-1.7639452130215254,-0.9110603781321923
17749.0,180,2,674.52,3,-0.5692075379731133,0.42764354455256776
17750.0,58,9,1797.57,2,1.519954438840613,0.3223503021926154
17752.0,361,1,80.64,3,-2.728177040925083,1.008970519949085
17754.0,90,5,1772.26,2,0.9125058365068888,0.3336417785786459
17757.0,15,30,5605.29,1,3.2927877815082223,0.8335411617791703
17758.0,21,8,3456.7000000000003,1,1.8976982836137188,0.18406908914321965
17759.0,19,3,834.99,2,0.4659379608858758,-0.6097714119251716
17760.0,23,2,287.59,0,-0.3364801533927086,-1.019297568913311
17761.0,153,1,712.78,0,-0.8017166901648454,0.05614909148473651
17763.0,265,1,15.0,3,-3.130829519898061,-0.20048932205370038
17764.0,6,2,818.8199999999999,0,0.24667734077682177,-0.8435204374078894
17765.0,212,3,371.88,3,-0.7300648644942495,0.6267929104794931
17767.0,17,1,271.2,0,-0.7117523843212462,-1.263767845381673
17768.0,168,3,2273.1800000000003,2,0.34015305135868,0.8200947111771327
17769.0,14,10,3997.98,1,2.1819362587449125,0.26307109010472707
17770.0,36,5,1143.27,2,0.9210830248366445,-0.20661626829925792
17771.0,58,2,245.81,0,-0.558270824298576,-0.7979691424349049
17772.0,12,2,182.77,0,-0.5125503643119431,-1.2353004678950115
17774.0,147,4,1225.41,2,0.32829062008460735,0.579075131119433
17775.0,256,1,56.4,3,-2.4662037701651505,0.10462503075734261
17777.0,26,3,665.86,2,0.32593616640685485,-0.6224938325901299
17779.0,23,3,658.57,2,0.3329658688876689,-0.648603529161815
17781.0,254,2,188.02,3,-1.5012224142253312,0.6196709245071911
17783.0,74,2,283.47,0,-0.5548132976871427,-0.6343183034765548
17785.0,55,1,131.94,0,-1.2211030859907717,-1.1834802895889445
17786.0,87,2,278.74,0,-0.6169010310208679,-0.5400200653863269
17787.0,65,4,1865.19,2,0.8741447093620685,0.07616320919607657
17788.0,75,2,1117.9,2,0.11357550024691648,-0.22596758814751078
17789.0,283,1,225.9,3,-1.9030708259346225,0.7128452424018364
17790.0,4,14,1965.55,1,2.1589164029319052,0.1179717057015991
17791.0,61,1,106.1,0,-1.3520997451631764,-1.2009365300731172
17793.0,27,1,323.04,0,-0.6675669800163732,-1.1364463160513185
17795.0,181,2,350.39,3,-0.8943180790187222,0.24402982203718526
17796.0,42,4,697.9,2,0.48710418935761557,-0.3867368053088239
17797.0,24,3,780.43,2,0.4120810227505074,-0.5913643121125857
17799.0,24,10,3055.93,1,2.0085904831219987,0.2607793247027112
17800.0,38,9,1199.01,2,1.4040816160620524,0.0513205045394561
17802.0,5,3,1285.04,2,0.7354486359182381,-0.5905786451056863
17805.0,75,1,512.31,0,-0.6405042913708217,-0.6355492018399868
17806.0,13,1,546.04,0,-0.3524104045931668,-1.0900559974020358
17809.0,18,12,5411.91,1,2.467066231507832,0.4569919601118772
17811.0,2,39,7837.7300000000005,1,3.7447340599110457,0.9465609407876574
17812.0,14,4,732.16,2,0.6265981221761004,-0.5864047999152767
17813.0,16,5,1770.8799999999999,2,1.2186746046438708,-0.23128835534060793
17816.0,215,4,36.56,3,-1.665290360855741,0.0779848050995242
17817.0,160,3,387.68,0,-0.4942705812130329,0.24211823166079396
17819.0,66,7,3704.87,1,1.6374299857598766,0.49500571121083314
17824.0,53,1,298.4,0,-0.8141125120887459,-0.961178769918836
17827.0,37,5,1995.46,2,1.190284051495226,-0.03611670731536396
17828.0,24,4,1820.09,2,1.0319767699394518,-0.24387069124220057
17829.0,300,1,889.24,3,-1.302187058070903,1.2425646246474544
17830.0,121,3,398.7,0,-0.31898010143645705,-0.04731444383898375
17831.0,183,1,35.400000000000006,3,-2.3874736109333834,-0.5857221987303171
17832.0,51,1,155.37,0,-1.1248159439721708,-1.1665064514069516
17835.0,11,3,350.64,0,0.07379253175150019,-0.9242218297759734
17836.0,49,1,110.21000000000001,0,-1.283895712360296,-1.281491026258391
17837.0,31,8,1593.38,2,1.4761124269162387,0.03386650560751591
17838.0,28,5,2779.3,2,1.3902072445017701,-0.007889692990029503
17839.0,43,1,338.8,0,-0.7105264309655253,-1.0004524658296783
17841.0,1,124,40991.57,1,5.60503346918294,1.9332560163076034
17843.0,100,1,205.48,0,-1.1912906740143987,-0.7112430452127377
17844.0,108,1,51.559999999999995,0,-1.8963609553093328,-1.050555197436129
17846.0,87,1,2033.1,2,-0.014022719355434423,-0.1410747789870243
17848.0,83,9,901.1999999999999,2,1.077583209800992,0.3112543029642747
17849.0,71,4,605.8000000000001,2,0.2975744961459868,-0.20678258733419871
17850.0,667,34,5391.21,4,0.6838730397548143,5.851981816734522
17852.0,13,2,114.34,0,-0.7454418566815337,-1.3639665974264754
17854.0,158,2,311.26,3,-0.8570167456724551,0.03396871423009959
17855.0,667,1,208.97,4,-3.5319037024589424,3.620502217426909
17856.0,121,4,1418.03,2,0.5076387583980926,0.4233526169779076
17857.0,19,23,26879.04,1,3.811554693308372,1.208116205501607
17858.0,3,12,5155.66,1,2.5053883226926668,0.32833441538013447
17859.0,131,1,148.21,0,-1.479239945169131,-0.569732090549928
17860.0,547,1,252.8,4,-2.941692515551292,2.7602419842410777
17861.0,26,8,2100.8,2,1.632517329292343,0.07656135687041
17862.0,325,1,330.9,3,-1.890286750111941,1.1446381019412
17863.0,31,6,3160.0,2,1.5820055678764866,0.12158551499614553
17864.0,14,3,597.5,2,0.3225342683812998,-0.745713847438672
17865.0,2,20,10526.32,1,3.2993107826083445,0.7442952513149702
17866.0,144,1,329.65,0,-1.1423323653302035,-0.23769737192275234
17867.0,91,6,1197.1000000000001,2,0.8570213377845677,0.2955777002441407
17869.0,109,5,428.18,2,0.1370916129054222,0.06350966399412875
17870.0,16,12,1894.35,1,1.9600123300954517,0.1346712512961653
17871.0,206,1,155.9,3,-1.765254534044924,0.01730608436697306
17873.0,82,5,1859.16,2,0.9691415201204873,0.2865921014227381
17874.0,158,6,683.46,2,0.30452705133763025,0.6430418474823115
17877.0,172,1,237.61,3,-1.4185321541702747,-0.11948389070628337
17878.0,45,1,379.45,0,-0.6633199060845119,-0.952126195724102
17879.0,175,1,178.51999999999998,3,-1.5706958125481072,-0.17985048782086394
17880.0,425,1,458.92,4,-2.1443429800930813,2.0032037649919765
17881.0,131,1,133.35000000000002,0,-1.5307581577509994,-0.600428587822987
17883.0,16,4,671.77,2,0.5760988565316855,-0.596295330861557
17884.0,182,4,717.45,2,-0.07930900092693395,0.6896915657723273
17885.0,14,1,190.19,0,-0.8728108311678499,-1.3900308112319308
17886.0,122,3,899.61,2,0.07581622395756046,0.19801954077742223
17887.0,305,1,111.35,3,-2.3393883463052187,0.6750580126183771
17888.0,23,8,726.05,2,1.1236290695935496,-0.2569517515335839
17889.0,36,2,203.87,0,-0.5585957150472252,-1.0203499563490857
17890.0,324,2,602.09,3,-1.22143674147659,1.4933371715611006
17891.0,163,1,203.85999999999999,3,-1.4561415298964742,-0.23278775416092778
17892.0,58,3,244.1,0,-0.2981627757233551,-0.6711741310829723
17893.0,227,1,112.25,3,-2.012348649652621,0.08216588785832164
17894.0,73,8,1119.81,2,1.1290483644212022,0.2512482502614057
17895.0,46,1,98.0,0,-1.328581669023078,-1.338414866223602
17896.0,25,1,256.32,0,-0.7725003360176217,-1.219168412899694
17897.0,174,3,566.6,3,-0.3663112533016673,0.4597531079218255
17898.0,87,2,152.06,0,-0.913041839548929,-0.7164719464949215
17899.0,279,1,155.8,3,-2.0679761402645793,0.5741907479566818
17900.0,308,2,112.19999999999999,3,-1.9767008010596758,0.8817315990692648
17901.0,60,1,110.38,0,-1.3287139957316965,-1.1971018367365753
17904.0,23,1,191.67,0,-0.9063072066532599,-1.3190944405294358
17905.0,72,4,800.24,2,0.4299352328416566,-0.11781764056107595
17906.0,189,1,72.9,3,-2.064568389715,-0.33272655170944915
17908.0,698,1,243.28,4,-3.5859974392141662,3.9013531339056824
17911.0,11,1,366.23,0,-0.5398401077094298,-1.2219325343472835
17912.0,312,5,311.01,3,-0.8604315313134923,1.5193298746947794
17913.0,1,2,411.6,0,-0.06979349321345375,-1.0825828138205358
17914.0,182,1,336.43,3,-1.2897825637834575,0.05822417529472505
17917.0,47,3,341.28,0,-0.08858939024050456,-0.6573960067708716
17919.0,2,1,1304.04,0,0.1201424264924047,-0.9195847847576042
17920.0,13,17,4204.1,1,2.661878272767473,0.4906862349338153
17921.0,149,4,826.52,2,0.1268051353252707,0.479221306979206
17923.0,311,1,207.50000000000003,3,-2.0605945768117735,0.9017703902918568
17924.0,13,7,2962.5,2,1.7472056835170495,0.02514497887614397
17925.0,667,1,244.08,4,-3.455971736245734,3.6657453513981775
17926.0,135,2,397.29,0,-0.6422340442977164,-0.07034228974628373
17928.0,47,2,212.54,0,-0.5838092612445172,-0.9242795238057321
17929.0,13,4,843.0,2,0.6998801989580893,-0.5528399897968954
17930.0,73,5,1740.48,2,0.9740487456997052,0.19862123518645636
17931.0,135,2,408.36,0,-0.6287710852144132,-0.06232055013077985
17932.0,6,3,1331.57,2,0.7487601289668586,-0.5725477350514061
17934.0,1,2,704.25,0,0.19346564123741677,-0.9257230763065994
17935.0,140,2,145.79,0,-1.153139426604261,-0.32426191900764334
17936.0,243,1,389.84,3,-1.4703195937900624,0.5667179896998268
17937.0,116,7,4301.22,1,1.50357757024094,0.9202223666780626
17939.0,279,1,99.14,3,-2.2881807231479403,0.4429845387495483
17940.0,51,10,4106.4400000000005,1,2.0418025254239183,0.5532526440197806
17941.0,337,1,304.56,3,-1.980604568250831,1.2120163694251163
17942.0,302,1,77.50000000000001,3,-2.503025484755776,0.547258564894587
17946.0,235,2,149.57999999999998,3,-1.5341661880961368,0.40815280664951753
17947.0,303,1,176.68,3,-2.1060057561408376,0.7939173371440932
17948.0,149,1,358.56000000000006,0,-1.1218820021957936,-0.17501517488757937
17949.0,4,45,58510.48,1,4.851631246484516,1.6125970153009506
17950.0,74,3,482.2,0,-0.031111381129935188,-0.35046410772753234
17951.0,41,3,1008.5400000000001,2,0.4674366642993669,-0.38669119608185454
17954.0,125,12,2332.72,1,1.6106465455325185,1.0273426578114297
17955.0,200,4,557.3,3,-0.2777275927045584,0.7532558263167953
17956.0,251,1,12.75,3,-3.1472576322579076,-0.35166968674568944
17957.0,245,1,111.68,3,-2.0893930721349077,0.21804946365219702
17958.0,118,1,508.4599999999999,0,-0.8223325394272332,-0.3096142971634446
17960.0,173,1,73.78,3,-1.9924737537189627,-0.451360558032768
17961.0,2,39,1296.44,1,2.8614229016839854,0.4202507836429107
17962.0,144,1,102.83,0,-1.7111617387394196,-0.576627401413668
17964.0,122,2,471.7,0,-0.5042667287426134,-0.1194286062264993
17965.0,10,14,2622.57,1,2.27561946669623,0.2481043175593422
17966.0,34,5,1098.43,2,0.9097369579035746,-0.23357552284969604
17967.0,639,1,123.07,4,-3.674281750286242,3.2528842484013065
17968.0,698,1,277.35,4,-3.5218789853959667,3.939557330909905
17969.0,168,2,228.2,3,-1.0503070617103427,0.01979323819880322
17970.0,5,1,582.59,0,-0.2875077974179122,-1.132179929198209
17972.0,7,1,136.04,0,-1.0073423707056175,-1.540885722090623
17973.0,53,1,337.04,0,-0.7545024611254436,-0.9256608496506565
17974.0,26,3,740.79,2,0.37823014054343035,-0.5913351072766323
17975.0,17,13,4488.81,1,2.447271343602767,0.42783687342517
17976.0,667,1,353.19,4,-3.2751293397281898,3.7734980829731075
17977.0,61,1,288.14,0,-0.864377133985383,-0.9103329735107237
17978.0,455,1,300.91999999999996,4,-2.4753145178580676,2.108981008320942
17979.0,170,4,757.71,2,-0.0028221970978969694,0.6140722574648113
17980.0,167,3,811.45,2,-0.16119080711176934,0.5112756812801972
17984.0,147,1,152.68,0,-1.5310254350948806,-0.43899712777409167
17985.0,24,1,634.95,0,-0.32402200160474054,-0.9620474985991951
17986.0,58,1,20.8,0,-2.121411162806926,-1.6896195940534087
17987.0,158,1,198.57,3,-1.4482763356845922,-0.27859847244507957
17988.0,13,7,201.12,2,0.4285056690118351,-0.760586306636057
17990.0,238,3,630.84,3,-0.5787824865426169,0.9795175765259215
17991.0,227,2,93.35,3,-1.7306007161167918,0.21031433710337477
17994.0,38,4,678.49,2,0.48984296298911173,-0.4255026190126681
17995.0,283,1,76.1,3,-2.4331537090455306,0.39700183556679336
17997.0,65,8,1970.6699999999998,2,1.4395696311577073,0.3554731946311713
17999.0,303,2,382.06,3,-1.3573347693847675,1.2002761805701736
18001.0,14,2,417.23,0,-0.11699139399395164,-0.9794126509980566
18004.0,364,1,169.47,3,-2.3790465083046004,1.2472939393510298
18005.0,49,2,249.72,0,-0.5132686845505839,-0.8620499441335345
18006.0,25,1,444.68,0,-0.5027554036585611,-1.0584441919764005
18008.0,37,9,2116.19,1,1.6870439807518913,0.20982075133956027
18009.0,237,1,257.34,3,-1.648785005371978,0.39978503780024666
18010.0,258,1,174.8,3,-1.9248133433373076,0.44740473855534924
18011.0,697,1,102.78999999999999,4,-4.002199010770732,3.643265094994134
18013.0,157,2,187.29,3,-1.101292189270513,-0.12167924274616505
18014.0,30,1,166.42,0,-1.0042899476164027,-1.3067803217450298
18015.0,213,1,120.03,3,-1.921724304860711,-0.005228578714412815
18016.0,76,5,1483.56,2,0.8832351319100591,0.17480931227394858
18017.0,83,3,523.0,0,-0.02858655745293447,-0.2580649457819571
18018.0,109,2,122.14,0,-1.1109941586409176,-0.6122321845730021
18019.0,53,1,38.45,0,-1.809422411645943,-1.5542220081533675
18022.0,244,1,668.11,3,-1.2104288653845077,0.7316701232670331
18024.0,65,2,389.78,0,-0.36160144506221875,-0.6100901592866234
18027.0,305,1,115.31,3,-2.3223770537110733,0.6851939833859494
18030.0,44,2,230.64999999999998,0,-0.5314052981877863,-0.9233535218111607
18032.0,101,1,73.5,0,-1.6960500619596321,-1.001898337351663
18033.0,214,1,97.97,3,-2.02468434289287,-0.05647663929762893
18034.0,23,2,422.88,0,-0.14768479262315212,-0.9068061607958534
18035.0,44,3,730.4,2,0.29673653516297444,-0.4581025227314136
18036.0,107,3,405.62,0,-0.2525545179647119,-0.1491274465691094
18037.0,126,6,70.02,0,-0.6755519526563137,-0.2641076757689403
18040.0,21,2,357.20000000000005,0,-0.22207858785844664,-0.971331633639023
18041.0,13,21,4183.39,1,2.8432719444198677,0.5791056520764022
18042.0,55,1,165.04999999999998,0,-1.1118896145105364,-1.1184067774955873
18043.0,26,3,559.51,2,0.24061803399202017,-0.6733295989679449
18044.0,89,10,2088.6,1,1.5524940332564872,0.6454821053735659
18045.0,47,1,189.4,0,-1.0115494342034765,-1.1394156644855058
18048.0,205,2,172.29000000000002,3,-1.3409046757040224,0.2203227278963081
18050.0,361,1,74.4,3,-2.7672244236671792,0.9857046142083121
18053.0,72,1,300.02,0,-0.8901715528871853,-0.814608646868495
18055.0,41,10,6784.1900000000005,1,2.3297259702630866,0.6238141131709531
18056.0,290,1,363.65,3,-1.6990829333769748,0.9050848722603048
18058.0,11,1,170.16,0,-0.9147312042082609,-1.4453068119987686
18059.0,25,3,306.46,0,-0.05013847102003895,-0.8566727282616966
18061.0,23,10,2119.41,1,1.8330924221757703,0.1461115305313
18062.0,175,3,720.52,2,-0.25262074506361426,0.5375936272698725
18064.0,135,2,814.0,0,-0.29061157529161274,0.13916766062010213
18065.0,88,14,2392.83,1,1.9074940974199548,0.8165160464661773
18066.0,77,1,318.0,0,-0.8823943186131813,-0.7594775787644038
18067.0,42,1,396.33,0,-0.6295728671693305,-0.9623166939404931
18068.0,291,1,101.69999999999999,3,-2.325495233112162,0.5419441795635526
18069.0,2,5,2036.67,2,1.345308033098602,-0.29722724954260776
18071.0,259,2,453.0,3,-1.0916226417537882,0.914223040622865
18072.0,158,1,247.44,3,-1.3407103319982383,-0.2145065839001319
18073.0,116,12,3877.5200000000004,1,1.897397379771786,1.1073048608933804
18074.0,698,1,489.6,4,-3.2435552164461563,4.105393146758886
18075.0,25,10,2611.75,1,1.9273433091569423,0.22246860878313116
18077.0,33,11,2633.0099999999998,1,1.9778865741717546,0.3248541472840265
18078.0,189,2,336.13,3,-0.9478035638085379,0.29295650665817485
18079.0,47,4,3651.97,2,1.2785460154485144,0.13533123129884048
18080.0,20,2,1231.5,2,0.3889049908491648,-0.6173839557852672
18081.0,114,3,343.45,0,-0.36303882054067976,-0.14426223046833667
18082.0,27,1,703.37,0,-0.2862685377347541,-0.909254299730497
18084.0,18,1,90.47999999999999,0,-1.2513850230092223,-1.575201937728897
18085.0,332,2,689.95,3,-1.187788993687061,1.5941811278074265
18086.0,69,1,101.34,0,-1.4075664091450197,-1.1531903068582539
18087.0,292,2,4055.7199999999993,3,-0.15283003439235157,1.8068719886978442
18088.0,92,1,167.67000000000002,0,-1.257477090632035,-0.8314747695685204
18092.0,3,11,9068.26,1,2.7093364552703316,0.4576970298867081
18093.0,33,4,2106.52,2,1.0664299638735226,-0.13244740013119868
18094.0,83,7,3017.3,2,1.4662229955210082,0.5646842523075583
18095.0,40,2,580.0500000000001,0,-0.06322635646156824,-0.6847925003110954
18096.0,13,3,911.15,2,0.5336102960592527,-0.6300461958989125
18097.0,207,6,2697.8,2,0.7752793640084864,1.418405420689302
18099.0,247,1,168.31,3,-1.8977175047932704,0.35245584690002896
18101.0,13,2,223.65,0,-0.4180537631615992,-1.1688964034829918
18102.0,13,60,259657.3,1,5.804669329832815,2.243694649167615
18104.0,303,1,754.64,3,-1.3951168282699484,1.2174918158036407
18105.0,303,1,113.48000000000002,3,-2.321879999551979,0.6652913077828572
18106.0,331,1,430.7,3,-1.7860367151254797,1.267350728811817
18108.0,256,1,271.0,3,-1.702190530062095,0.559852981535637
18109.0,5,26,8052.97,1,3.385574427350513,0.8013687728768459
18110.0,21,1,236.3,0,-0.7957057802436283,-1.2733927717044367
18112.0,14,2,352.69,0,-0.19930291759212995,-1.0284569662614722
18113.0,547,1,76.32000000000001,4,-3.5253961608348234,2.4124493016582464
18114.0,292,1,220.1,3,-1.9530704370022482,0.7739483618974675
18116.0,236,8,1418.03,2,0.5696657436096996,1.5641523515870979
18117.0,27,1,320.72,0,-0.6710956221619538,-1.1385488143440785
18118.0,12,26,5653.82,1,3.1828998769014096,0.7513035566000732
18119.0,517,1,181.12,4,-2.9803975405405034,2.434197479456464
18120.0,97,1,111.15,0,-1.4786062040404222,-0.9127347508676347
18121.0,126,2,673.1,0,-0.34654148431586157,0.014947731326976325
18122.0,4,6,1826.21,2,1.4246910895915699,-0.24483272392927255
18123.0,26,2,589.4399999999999,0,0.0026425239673569657,-0.7869372077448474
18125.0,61,4,1142.99,2,0.6503882097966727,-0.09755704464873063
18126.0,62,1,206.82999999999998,0,-1.0306721845323932,-0.9993184271733639
18127.0,21,3,348.73,0,0.029692001466710517,-0.8495043954746233
18129.0,68,1,112.55000000000001,0,-1.352378879879275,-1.1304069117124318
18130.0,17,3,1059.39,2,0.5909916563547962,-0.5554585352275587
18133.0,36,1,931.4999999999999,0,-0.1857696262360194,-0.7584784750683901
18135.0,60,5,681.9100000000001,2,0.5681817600484379,-0.1745021025209408
18136.0,6,3,784.33,2,0.4890923536651224,-0.7272676051125889
18138.0,297,1,152.65,3,-2.1525086644441647,0.705612629879361
18139.0,19,6,8438.34,1,2.113972209530671,0.3173583008439654
18142.0,128,2,1019.52,2,-0.15117799629594894,0.15155151703445358
18143.0,118,2,1000.16,2,-0.11915795920060898,0.06963606852292759
18144.0,36,12,2888.75,1,2.084284940173547,0.4107059595433149
18145.0,14,4,2861.55,2,1.29551049031096,-0.18784154130576108
18146.0,142,2,160.35000000000002,0,-1.1149810072348618,-0.28132685197849844
18147.0,47,2,179.33999999999997,0,-0.6667933358521193,-0.973724570367695
18149.0,38,3,612.0799999999999,2,0.23493223237050595,-0.5555243788774961
18150.0,142,3,566.58,2,-0.2337659220042942,0.21554719553313956
18151.0,136,2,653.35,0,-0.40257033165598655,0.08255782370765288
18154.0,45,2,399.19,0,-0.26706452097560557,-0.7557498810543274
18155.0,77,3,371.62,0,-0.17115878817054184,-0.403611384576647
18156.0,14,2,734.94,0,0.16053055475361971,-0.8140545899161379
18158.0,2,2,453.4,0,-0.026546488824698983,-1.0467151952282838
18159.0,39,1,530.15,0,-0.4745935584437724,-0.9002724259811897
18160.0,59,2,638.0600000000001,0,-0.09520277798553065,-0.511956287376562
18161.0,17,5,1618.69,2,1.1704292401236933,-0.24993534647507606
18164.0,303,1,399.65000000000003,3,-1.7067004956903713,1.0318384959781204
18165.0,179,1,302.46000000000004,3,-1.3294632677286005,0.004282653983404044
18167.0,25,3,1384.8600000000001,2,0.6893073315675605,-0.4160829848455238
18168.0,70,6,1169.94,2,0.9327548695839558,0.12861478738690454
18169.0,62,1,202.65,0,-1.0406499064061767,-1.0052635307967326
18170.0,114,3,980.31,2,0.1511001006924635,0.16208116156078087
18171.0,1,5,1231.31,2,1.1024745723771558,-0.45201601864682883
18172.0,5,20,7561.68,1,3.124456738865509,0.6704088654193905
18173.0,69,4,2106.84,2,0.9173715585309756,0.14231707741956906
18174.0,302,1,104.0,3,-2.360186917910409,0.6323671790703752
18176.0,360,1,476.35,3,-1.8568079407173486,1.518065728163505
18177.0,122,6,1341.42,2,0.784456100605507,0.5654225989677654
18178.0,250,4,1590.81,2,0.02967070412155901,1.441386325440984
18179.0,11,6,1793.17,2,1.3867317981123384,-0.19675436642104585
18180.0,2,6,1843.75,2,1.437667885393581,-0.2572994980111009
18181.0,26,1,382.8,0,-0.5803055647316705,-1.0945520879519504
18183.0,69,2,632.07,0,-0.14125334288206365,-0.43840075736384815
18184.0,17,1,49.8,0,-1.5361119201857176,-1.7549523988921722
18185.0,251,1,304.25,3,-1.6248409613476154,0.55544367850924
18188.0,17,3,2001.04,2,0.9030924643179862,-0.3694970835305063
18189.0,79,2,1090.24,2,0.08471256455727377,-0.20276753709710704
18190.0,194,2,284.46000000000004,3,-1.050217086955364,0.28243175878631965
18191.0,263,1,207.79999999999998,3,-1.8610445305011847,0.5358977043750313
18192.0,73,1,957.97,0,-0.3252993191942891,-0.4679370110862372
18193.0,167,1,243.76,3,-1.3853221850070898,-0.15019323461835962
18194.0,84,1,973.8399999999999,0,-0.36280722896055306,-0.3791920248046151
18196.0,216,2,689.13,3,-0.707832594583679,0.7086246054211514
18198.0,73,17,5425.56,1,2.538554256895226,1.0231703048867224
18200.0,107,1,163.8,0,-1.331014716985633,-0.7237999710366665
18202.0,201,3,1396.99,2,-0.03550753031447452,0.9295427927887278
18203.0,218,1,160.42000000000002,3,-1.8010181433599204,0.1171898103765592
18204.0,73,3,1993.7,2,0.6693040886777998,0.056770469335254425
18205.0,76,2,517.36,0,-0.2684252283378279,-0.44347863355397343
18209.0,30,1,139.10000000000002,0,-1.0917767847552862,-1.3589082843251499
18210.0,11,6,2621.38,2,1.573119053375737,-0.08569779853577879
18211.0,27,5,600.07,2,0.6421988300295493,-0.46368078366326526
18212.0,328,1,248.42,3,-2.04301599332934,1.083934508012961
18213.0,238,1,232.48000000000002,3,-1.702615886322555,0.37780998497105417
18215.0,32,1,299.34000000000003,0,-0.7255788732037454,-1.1205148954215232
18216.0,122,1,481.75,0,-0.8653491208699644,-0.29484752293865096
18217.0,61,2,621.75,0,-0.11618412322817095,-0.5042589262413856
18218.0,6,2,662.08,0,0.1424738911612741,-0.9056087892093797
18219.0,44,10,2069.77,1,1.7344648458361158,0.2994333067772302
18220.0,228,1,305.28000000000003,3,-1.5279072879500786,0.38091377165096557
18221.0,6,5,1041.61,2,0.9996698618269275,-0.4627738507516182
18222.0,124,1,443.0,0,-0.9147257199818328,-0.30406912675357745
18223.0,41,14,6484.54,1,2.591652830239874,0.7494909427829525
18224.0,265,1,158.95000000000002,3,-2.000212178351094,0.47317520166241167
18225.0,23,12,5509.12,1,2.4550944619180894,0.500355825650744
18226.0,33,11,5228.05,1,2.314636205504963,0.525502299109883
18227.0,189,1,93.75,3,-1.9425188886296634,-0.2600048482673773
18228.0,58,2,779.9,0,0.007377688250873035,-0.4609343900084382
18229.0,1,20,7276.900000000001,1,3.1221775251106734,0.6286531452649683
18230.0,11,7,2810.2000000000003,2,1.7295812842722287,-0.005555143243811909
18231.0,194,5,2083.27,2,0.5610365315466979,1.1745627300549348
18232.0,83,4,592.97,2,0.2373687538906572,-0.12146240748721265
18233.0,327,1,440.0,3,-1.758999359335158,1.2430629282919958
18235.0,33,3,1796.48,2,0.783881252666484,-0.27893691291772404
18236.0,61,6,882.24,2,0.8315685364913896,-0.022570629029709743
18237.0,3,5,987.1,2,0.9857269173380612,-0.5013798426769234
18239.0,220,5,1561.6100000000001,2,0.3118661391881447,1.2886825075431394
18240.0,48,1,422.58,0,-0.6230109242271852,-0.8978103226980854
18241.0,11,17,2073.09,1,2.32307476665921,0.26861546767880196
18242.0,67,4,2232.4900000000002,2,0.9540915056037415,0.14399736981599523
18245.0,6,7,2567.06,2,1.7058700798769284,-0.07018027268786324
18246.0,25,2,596.1,0,0.012293429844154213,-0.7912862530629068
18248.0,94,2,804.02,0,-0.12681638368841697,-0.17731318108225969
18249.0,19,1,95.34,0,-1.230107327500717,-1.552424463307736
18250.0,312,1,349.27,3,-1.8099780156404335,1.0611966246683138
18251.0,89,1,4314.72,2,0.3470934168794384,0.09429069620739669
18252.0,52,2,526.67,0,-0.16026135005868558,-0.6214165797216575
18255.0,32,1,103.3,0,-1.2449745586950411,-1.4299904661817848
18257.0,41,8,2337.63,2,1.622812582923984,0.22227019672861262
18259.0,26,3,2338.6000000000004,2,0.9423271988071171,-0.2552247699233108
18260.0,101,6,2643.2000000000003,2,1.2043559195766742,0.6035269616659235
18261.0,45,2,324.24,0,-0.3689043199321488,-0.8164298805009432
18262.0,142,1,149.48,0,-1.5206461508906473,-0.48330985626537526
18263.0,27,3,1213.1599999999999,2,0.6160668018385916,-0.4395236200359704
18265.0,74,2,801.51,0,-0.04549830745173894,-0.3308491917707739
18268.0,135,1,25.5,0,-2.3445126467197963,-1.0448965752666097
18269.0,486,1,168.6,4,-2.8869542573653346,2.17679250925264
18270.0,268,2,283.15,3,-1.3590270108135891,0.8457881923512368
18272.0,4,6,3078.58,2,1.681040259793408,-0.09209020415440841
18273.0,152,3,204.0,0,-0.7753014048337585,-0.006125906619912161
18274.0,91,1,175.92,0,-1.2298833550348995,-0.8251327991083042
18276.0,45,1,335.86,0,-0.7230790458998755,-0.9877329487625075
18277.0,1,1,110.38,0,-1.0843016363392857,-1.6473374776104257
18278.0,75,1,173.9,0,-1.1692413284354801,-0.9505907027583016
18280.0,161,1,180.60000000000002,3,-1.5070424077958062,-0.2833152593573436
18281.0,5,1,80.82,0,-1.2523361611585815,-1.7070611168844263
18282.0,217,2,178.05,3,-1.3745577869299184,0.32146396839621005
18283.0,11,16,2094.88,1,2.275848914272541,0.24607692215917987
18287.0,1,3,1837.28,2,0.927466184805706,-0.516565014078993
